StringIndex,NumberIndex
고로커피로스터스 봉천동,0
나따오비까 대치점 대치동,1
뉴욕택시디저트 봉천동,2
델트 구의동,3
카페산다 봉천동,4
프레베리 마곡동,5
TODAH 우면동,6
꽁티드툴레아 신사동,7
더라운드 삼성점 삼성동,8
랑데자뷰 상수점 상수동,9
르자당 도산점 신사동,10
마호가니커피 여의도점 여의도동,11
몽마르뜨언덕위은하수다방 합정동,12
브라이언스커피 도곡동,13
씨케이코앤루소랩 청담점 청담동,14
아우프글렛 장안점 장안동,15
어반81 삼성동,16
어반레빗 역삼동,17
옹근달 성수동2가,18
정식카페 청담동,19
콘하스 한남점 한남동,20
트리타 신사동,21
펠트 도산공원점 신사동,22
필렛커피 합정동,23
한남작업실 한남동,24
Difcoffee 봉천동,25
디커피 봉천동,26
미디엄스톤 성수동1가,27
보니또커피샤로수점 봉천동,28
보야쥬 봉천동,29
카페 거북이 신림동,30
카페보니또 낙성대점 봉천동,31
프롬해빗 봉천동,32
공차 명동역점 충무로1가,33
네로우패스 한남동,34
스타벅스역삼역점 역삼역점 역삼동,35
커피인류 대치은마점 대치동,36
코지리틀 양재동,37
널담은공간 용산동2가,38
다움 부암동,39
더스팟패뷸러스 명동2가,40
로코랩 수송동,41
맥심플랜트 한남동,42
쿠카쿠 문정로데오점 문정동,43
메가엠지씨커피은평신사고개점 신사동,44
빽다방 응암역점 신사동,45
빽다방공덕새창로점 공덕새창로점 도화동,46
앤디스커피 서교동,47
이디야커피 새절역점 신사동,48
고이 가회동,49
고이북촌 가회동,50
다아는커피 석관동,51
설나루 방학동,52
시드누아노원본점 노원본점 상계동,53
와겐커피 방학점 방학동,54
우리동네커피집 도봉동,55
커피킹 아차산점 중곡동,56
톨릭스 도곡동,57
곰발커피 내수동,58
라포레스타 동교동,59
맥널티커피팩토리 연희동,60
바늘카페 연희동,61
샐리청 망원동,62
제대로커피 체부동,63
와플대학 홍대점 동교동,64
원오브씨 창천동,65
커피광 저동1가,66
투썸플레이스 홍대입구역 동교동,67
할리스커피 신촌연세로점 창천동,68
2막 창성동,69
맷카페 논현동,70
세루리안인사 인사 관훈동,71
슬릿 서교동,72
연남방앗간 연남동,73
카페테르트르 테르트르 창신동,74
커피리브레 타임스퀘어점 영등포동4가,75
커피타임 영등포동4가,76
파운드로컬 잠원동,77
퍼블릭맨션 목동,78
펠트 광화문점 청진동,79
하프커피 강남점 반포동,80
호아드 사간동,81
79파운야드 목동41타워점 목동,82
기글 문래동3가,83
내생애에스프레소 영등포동2가,84
뷰클랜드 송파동,85
아르무아 화양동,86
인왕산대충유원지 누하동,87
죠지서울 을지로3가,88
카몽 서초역점 서초동,89
카페솔트 문래동2가,90
튜토리얼 상수동,91
메가엠지씨커피 신촌점 창천동,92
메가커피 연희점 연희동,93
유어홈 문래동2가,94
유원섬커피 창천동,95
카페1953위드오드리 1953위드오드리 문래동2가,96
카페온도 연남동,97
루시카토 용산아이파크몰점 한강로3가,98
어느날오늘 상봉동,99
오르다빛 장안동,100
온니당 장안동,101
커피홀 촬영소사거리점 장안동,102
AUZ 원효로1가,103
델리카 이태원동,104
땡스오트 연남동,105
몽소베이커리앤카페 노량진점 노량진동,106
스타벅스 영등포시장교차로점 영등포동6가,107
써머레인 한남동,108
고디바삼청점 삼청점 삼청동,109
브루다인사동 공평동,110
스타벅스 강남구청역점 논현동,111
스타벅스 북촌로점 계동,112
애드커피 주교동,113
테라로사커피 광화문점 중학동,114
폴바셋 광화문점 중학동,115
폴바셋 종각역점 공평동,116
수수커피 디타워점 청진동,117
수애뇨339 평창동,118
체다앤올리 성수동1가,119
카페디키미 평창동,120
카페르세 상암동,121
포비브라이트 광화문점 신문로1가,122
AMIGGA 염리동,123
달다어요 신림동,124
마치마치 가로수길점 신사동,125
"문득,낙성 봉천동",126
쁘띠크 봉천동,127
스타벅스 보라매대교점 봉천동,128
스타벅스신림점 신림점 신림동,129
쏭카페 양재동,130
요샌 봉천동,131
폴바셋 롯데백화점관악점 봉천동,132
스타벅스 동부이촌동점 이촌동,133
스타벅스 양재역점 양재동,134
아티제동부이촌점 동부이촌점 이촌동,135
청년다방 마곡나루역점 마곡동,136
겨울이머무는집 서교동,137
금옥당 서교동,138
듀이 상암동,139
세잔 망원동,140
씨스터브레드 연남동,141
카페노티드 안국점 재동,142
카페페퍼 송파동,143
매스커피 안국역점 계동,144
몽루 효창동,145
카페뮤 동소문동3가,146
커피매터스 삼선동4가,147
커피브론즈 안국동,148
라미스콘 봉천동,149
리버웨이 합정동,150
미완성식탁 망원동,151
밀크홀1937 종로점 종로2가,152
이디야커피 서교동점 서교동,153
폴바셋 교대역점 서초동,154
할리스 응암점 신사동,155
할리스커피 마곡나인스퀘어점 마곡동,156
할리스커피 응암역점 신사동,157
홍콩다방 충정로역점 충정로3가,158
갈십리 행당동,159
레이어드 재동,160
레프트커피 회기동,161
새검정 합정동,162
스타벅스 송파방이DT점 방이동,163
스타벅스 회기역사거리점 회기동,164
알로카시아인더테라스 경희대점 회기동,165
오우야에스프레소바 합정동,166
정이정 종암동,167
포프트커피 영등포동1가,168
M1CT 망원동,169
벤치커피스튜디오 대현동,170
빽다방 신촌역점 창천동,171
스타벅스 동대입구역점 장충동1가,172
스타벅스 신촌역점 창천동,173
어나더룸 연남동,174
어나더쉐어 연남동,175
엔니드커피 노고산동,176
챔프커피 한남동,177
커피스니퍼 북창동,178
트래버틴 한강로3가,179
스타벅스 공릉DT점 공릉동,180
스타벅스노원케이티점 노원케이티점 상계동,181
커피는기억의끌림 월계동,182
테이큰 화양동,183
테이큰커피 화양동,184
투썸플레이스 상계사거리점 상계동,185
팔공티 광운대점 월계동,186
넉넉커피 장위동,187
닥터로빈 이대점 대현동,188
돌담커피 서교동,189
만랩커피홈플러스 월곡점 하월곡동,190
지유명차 교대점 서초동,191
하삼동커피 미아동,192
메가엠지씨커피 신목점 목동,193
수카페&쿠킹스튜디오 창천동,194
스타벅스 목동5단지점 목동,195
아펜즈커피 서초교대점 서초동,196
요거프레소 목동1단지점 목동,197
요거프레소 신목동점 목동,198
디저트뒤쥬르 상계동,199
쎈느 성수동2가,200
야드바이비씨 성수동1가,201
천상가옥 성수점 성수동2가,202
타임에프터타임 성수동2가,203
플로어포픽션 소격동,204
하이 웨스트익선 돈의동,205
AID카페 롯데월드몰점 신천동,206
블리스냅 방화동,207
에이아이디카페롯데월드몰 신천동,208
카페타치 성수동1가,209
당인리책발전소 서교동,210
리사르커피 신당동,211
블루보틀커피코리아삼청 소격동,212
컴폴커피 번동,213
크림시크 명동1가,214
프로토콜 연희동,215
히도커피 성북동1가,216
내자상회 내자동,217
동작카페 노량진동,218
바이트앤십 냉천동,219
서울커피 여의도동,220
소장식물전 공항동,221
스프레드 신대방동,222
시너리 이수점 사당동,223
아우프글렛 한남점 한남동,224
어반밀커피 공평동,225
유어보울 영등포동4가,226
크로닉 당산동4가,227
홍팥집 양재점 도곡동,228
디벙크 합정동,229
소울 창성동,230
아키비스트 효자동,231
애틱인서울하우스 목동,232
앤드그레이 양평동3가,233
앤티크거피 당산동4가,234
커피앤시가렛 서소문동,235
가배도 삼청점 소격동,236
블루마일스커피로스터즈 공릉동,237
송스키친 경복궁점 누하동,238
시프스 공릉동,239
오누이 공릉동,240
지유가오카핫쵸메 안국동,241
하이버 누상동,242
몰또이탈리안에스프레소바 명동1가,243
아이사구아 가회동,244
언커먼그라운드 성수동2가,245
오프커피 성수동2가,246
온화 성수점 성수동2가,247
토비커피 방배동,248
에고 서교동,249
테이크온미 창동점 창동,250
폴바셋 서소문점 서소문동,251
딥다이브 방배동,252
로지커피 원효로1가,253
먼셀커피 반포동,254
아우프글렛 2호점 연남동,255
앳더블랑 흑석동,256
오리지널팬케이크하우스이태원점 이태원점 이태원동,257
라그랑자트 청담동,258
르솔레이 연희동,259
소진담 신사동,260
빈트리 월계동,261
스타벅스광운대점 광운대점 월계동,262
이디야커피 석계중앙점 석관동,263
클라우드9 월계동,264
호호커피집 월계동,265
ATOZCAFE 창천동,266
데칸트 청담동,267
비바쌀롱 망원동,268
유들렌 서교동,269
익선주택 익선동,270
공차 대치은마사거리점 대치동,271
빽다방서초우성점 서초우성점 서초동,272
섹터커피바 필동2가,273
가배두림 합정동,274
꼬모레커피 동교동,275
메가커피 합정역점 합정동,276
반지하커피 서교동,277
설빙 대학로점 동숭동,278
페이페이커피 영등포동7가,279
합정빵다방 합정동,280
다과상사 효창동,281
몽떼 원효로1가,282
용호야채곱창 용문동,283
카페안 원효로2가,284
피피커피 망원동,285
소울메이트 연남동,286
위아소울메이트 연남동,287
챙스베리 연희동,288
카페 다이닝 응암동,289
카페미카야 서교동,290
하이 앤드라이 성수동2가,291
낙랑파라 동교동,292
목화씨라운지 연남점 연남동,293
"어느,예쁜날 연남동",294
카페스콘 연남동,295
콘웰 망원동,296
콩카페 연남점 연남동,297
블루보틀커피코리아역삼 역삼동,298
스타벅스 대치역점 대치동,299
스타벅스 도곡역점 대치동,300
아티제 신용산역점 한강로2가,301
주커피개포점 개포점 개포동,302
사생활 신림동,303
투썸플레이스 보라매삼성쉐르빌점 신대방동,304
랑데자뷰 건대점 화양동,305
르쉬드서울 방이동,306
바이칼리아 신사동,307
브루클린커피 내발산동,308
꾸까 광화문점 사간동,309
디저트39 문정법조타운점 문정동,310
모리티아 성수동2가,311
산다미아노 정동,312
스타벅스 순화동에이스점 순화동,313
스타벅스 어린이대공원역점 군자동,314
커피빈 코리아소공동삼화빌딩점 소공동,315
커피빈 코리아종로관철동점 관철동,316
커피사피엔스프루지오 시티점 상암동,317
테르프로미즈 합정동,318
투썸플레이스 강남삼성로점 삼성동,319
동백양과점 익선점 익선동,320
두잇스터디카페 명일점 명일동,321
빌리엔젤 명동점 명동1가,322
엑스이스케이프 홍대놀이터점 서교동,323
엑스이스케이프 홍대점 서교동,324
청수당 익선동,325
카페노티드 잠실점 송파동,326
브런치카페미뇽 제기동,327
익골 신설동,328
키라쿠 제기동,329
키이스케이프 홍대점 서교동,330
포인트나인 역삼동,331
헤이피 제기동,332
고디바롯데잠실 에비뉴엘점 신천동,333
메가엠지씨커피 신정네거리점 신정동,334
스타벅스홍대삼거리점 홍대삼거리점 상수동,335
액트커피 방배동,336
카페 밤비2호점 망원동,337
투썸플레이스 홍대걷고싶은거리점 동교동,338
커피벌스데이 서교동,339
턴다운서비스 연남동,340
플루프 연남동,341
공차 석촌역점 송파동,342
매머드익스프레스 방이점 방이동,343
빽다방 방이역코오롱점 방이동,344
스타벅스 송파나루역DT점 송파동,345
과일프레소 사당동,346
다올상점 봉천동,347
디어다온 동교동,348
로코민트 방배동,349
오후홍콩 대학로점 명륜4가,350
온실커피 방배동,351
저스트로맨틱 신림동,352
투썸플레이스사당역 남현동,353
헤르비폴즈 방배동,354
메가엠지씨커피 경복궁역점 체부동,355
스타벅스 숭례문북창점 남대문로4가,356
스타벅스 을지로입구역점 을지로2가,357
스타벅스 종로관철점 관철동,358
레이디언트 중곡동,359
슈퍼말차 성수점 성수동1가,360
스타벅스 군자역점 군자동,361
스테이어와일 구의동,362
이층커피 중화동,363
더블플랫 양평동4가,364
뎁스커피 화곡동,365
선유슬로우 양평동4가,366
세컨드커피 와룡동,367
아러바우트 한남 한남동,368
36.5도여름동쪽점 동쪽점 서교동,369
디저트하우스 갈현동,370
메가엠지씨커피 가재울뉴타운점 남가좌동,371
메가엠지씨커피 대흥역점 대흥동,372
메가엠지씨커피 역말사거리점 역촌동,373
설빙 수락산역점 상계동,374
스타벅스 연신내역사거리점 불광동,375
엔쓰커피 갈현동,376
이디야커피 북가좌동점 북가좌동,377
이디야커피 신촌역점 창천동,378
이디야커피 아현역점 북아현동,379
이디야커피 어린이대공원역점 화양동,380
이디야커피 홍은사거리점 홍은동,381
지브릭커피 진관동,382
카페게이트 건대점 화양동,383
커피사피엔스 연신내역점 갈현동,384
커피에반하다길동역점 길동역점 길동,385
컴포즈커피 신풍역점 신길동,386
컴포즈커피 은평갈현점 갈현동,387
투썸플레이스 신촌기차역점 대현동,388
감꽃당 익선동,389
강정이넘치는집 청담점 청담동,390
구테로이테 논현동,391
빈스브라운 중곡동,392
사푼사푼 강남점 서초동,393
셀렉토커피 홍제점 홍제동,394
제이제곱 미아동,395
카페윤재 길음동,396
커피리브레 연남점 연남동,397
르몽블랑 용산동2가,398
오너스 역삼동,399
준바이누아네 신수동,400
폰드커피 서교동,401
할리스커피 구로디지털뉴스테이점 대림동,402
빽다방 노원문화의거리점 상계동,403
빽다방노원역북부점 노원역북부점 상계동,404
와플대학노원역캠퍼스 노원역캠퍼스 상계동,405
원형들 충무로4가,406
공차 상일동역점 고덕동,407
모츠커피 화양동,408
빈브라더스카페 합정동,409
안다즈커피 구의동,410
오프셋커피 신당동,411
토즈모임센터 선릉점 대치동,412
3F로비 한강로3가,413
상왕제약 하왕십리동,414
소피 공덕동,415
카페58.4 성북동,416
카페로비 한강로3가,417
커피그래 신당동,418
클로드커피 대흥동,419
묘사서울 성수동1가,420
빽다방 대치동학원가점 대치동,421
빽다방 선정릉역점 역삼동,422
위넌스터디카페 강남구청역점 삼성동,423
팔공티대치학원가점 대치동,424
메가엠지씨커피 수유점 수유동,425
스타벅스 강북구청사거리점 수유동,426
스타벅스성신여대정문 동선동2가,427
카페띠아모 쌍문동점 창동,428
텀브커피 쌍문점 쌍문동,429
래뮤 성수동1가,430
이월로스터스 성수점 성수동1가,431
카페 대즐링 제기동,432
카페 캔두잇고 당산동4가,433
홀트 원효로2가,434
꽁상뜨레 삼선동3가,435
더스크블루 당산동4가,436
더현대서울올댓커피 여의도동,437
드로우에스프레소바 중림동,438
디저트스토머치 연희동,439
로스디아스 동선동2가,440
바캉스커피 다동,441
비담 가회동,442
빽다방 미아역점 미아동,443
서화커피 명륜4가,444
어라운드데이 성수동1가,445
카페어니언미아점 어니언미아점 미아동,446
티틸 수유동,447
혜민당 을지로2가,448
구욱희씨 성수동1가,449
꼬르소산도 망원동,450
라보아르 연남동,451
빙하기 망원동,452
센터커피 서울숲점 성수동1가,453
스타벅스 홍대역점 동교동,454
아너 공릉동,455
제비꽃다방 부암동,456
카페 마가렛 연남동,457
카페울티모 울티모 문정동,458
홍차가게청담 삼성동,459
YM에스프레소룸 진관동,460
도깨비코티지 후암동,461
비엔나커피하우스 송파사거리점 석촌동,462
스타벅스 송파개롱역점 가락동,463
스타벅스 송파사거리점 송파동,464
해례커피 갈현동,465
허밍벨라 서교동,466
구움블루스 목동,467
띠옷 연남동,468
카페구월 동선동2가,469
스므으커피 종로2가,470
스타벅스 신세계강남점 반포동,471
이디야커피 답십리사거리점 답십리동,472
프레스커피 송파동,473
북카페타셴 동숭동,474
설빙신촌점 신촌점 창천동,475
스튜디오웝 대신동,476
엣모스피어 망원동,477
투썸플레이스 신촌대로점 노고산동,478
갤러리힐링카페 공릉동,479
업.사이드커피 성수동1가,480
업사이드커피 뚝섬점 성수동1가,481
엘엘엘커피 석촌동,482
피카 안암동5가,483
빽다방 양재시민의숲역 양재동,484
스타벅스서초파라곤점 서초파라곤점 서초동,485
청년다방 낙성대점 봉천동,486
태양커피 사당점 방배동,487
할리스커피 신림점 신림동,488
메가엠지씨커피가재울북가좌초교점 북가좌동,489
바우리 합정동,490
유목커피바 동선동1가,491
이디야커피 이화여대점 대현동,492
골드버튼커피 남영동,493
스타벅스올림픽공원남문점 올림픽공원남문점 방이동,494
스타벅스올림픽평화의문점 올림픽평화의문점 방이동,495
예카페 봉익동,496
오브렛 을지로3가,497
카페선셋 산림동,498
커피리브레 명동성당점 명동2가,499
커피에꽃을담다 마곡동,500
탐앤탐 피카디리점 돈의동,501
태극당 인사점 관훈동,502
고양이당 망원동,503
로우키 송정동,504
바즈 성수동2가,505
스위트레코드 화양동,506
에그마카슈 건대점 화양동,507
와플칸 세종대점 화양동,508
잎차 용산동2가,509
친구네과자집 자양동,510
투고오알 송정동,511
펑키커피 성수동2가,512
스타벅스 목동8단지점 신정동,513
스타벅스 삼성역섬유센터R점 대치동,514
스타벅스 선릉역점 역삼동,515
스타벅스 현대목동점 목동,516
스타벅스오목교역점 오목교역점 목동,517
반지카페8그램 역삼동,518
베질루르선셋에비뉴 월드타워점 신천동,519
카펜크레 성수동2가,520
큐브이스케이프 잠실점 잠실동,521
고카페 용산아이파크몰점 한강로3가,522
디퍼카페테리아 체부동,523
샌드커피논탄토 동교동,524
커피앤스쿱 성산동,525
크림슨젤라또 신사동,526
스타벅스 망원역점 서교동,527
스타벅스 사당로데오점 방배동,528
스타벅스 서초우성사거리점 서초동,529
스타벅스 이마빌딩점 수송동,530
아야커피 역삼동,531
청년다방 강동역점 천호동,532
투썸플레이스 암사역점 암사동,533
노아스로스팅 연희1호점 연희동,534
브라하 방배동,535
카페아사 응암동,536
공차 연세암병원점 신촌동,537
소디스커피 봉천동,538
카페파인 제기동,539
커피빈 상수역점 상수동,540
감나무아래 하계동,541
눈타이드 청량리동,542
스타벅스노원마들역점 노원마들역점 상계동,543
카페인중독 노원점 하계동,544
플로레스테이블 상계동,545
하이제씨 동숭동,546
할리스커피 국기원점 역삼동,547
할리스커피강남역점 강남역점 역삼동,548
CAPET 망원동,549
라떼킹 가로수길2호점 신사동,550
루프트커피 명동점 충무로2가,551
리브릭 성수동2가,552
밀로커피 동교동,553
밀로커피로스터스 동교동,554
바오밥 나무커피 신사동,555
발코니가든 동교동,556
성수빈티지 성수동1가,557
소르비 신사동,558
어느새봄 양재동,559
공미학 서초동,560
앙떼띠커피로스터리 대치동,561
에그마카슈 성수점 성수동1가,562
젤라떼리아도도 송파동,563
커피펙토리 소격동,564
쿠스 신사동,565
토마스커피 합정동,566
피클피클 용산동2가,567
감각 상계동,568
앤티크커피 동교동,569
이디야커피 역삼중앙점 역삼동,570
카페아르크 아르크 사직동,571
클로리스티앤씨 역삼동,572
커피나무 보라매역점 신길동,573
투썸플레이스 신촌연세로점 창천동,574
NAMU 합정동,575
디닷커피 목동,576
북앤레스트 삼성동,577
소니도 당산동6가,578
자이온 염창동,579
베르데커피 문래동2가,580
예커피 개봉동,581
초록상어 상도동,582
카페씬 오류동,583
펠어커피 상도1동,584
로즈드마이 응암동,585
알키미스타 응암동,586
이일삼점 응암동,587
필구커피 응암동,588
공차 동대문종합시장점 종로6가,589
공차 수유역점 수유동,590
더로비 방학동,591
벌스데이투미 연남동,592
빽다방 쌍문세라믹점 쌍문동,593
스타벅스연세백양로점 연세백양로점 신촌동,594
에일당 익선동,595
커브드커피 종로3가,596
컴포즈커피 방학신동아점 방학동,597
고호재롯데월드몰점 신천동,598
무자비 남영동,599
어니커피 송파동,600
만랩커피 수서점 수서동,601
미드데이썬 성내동,602
스타벅스 길동역점 길동,603
커피와이 문정동,604
픽처레스크 자곡동,605
더플롯커피 등촌동,606
블루보틀 광화문점 서린동,607
오버도즈 등촌동,608
오우야에스프레소바 마곡동,609
오우야에스프레소바마곡 나루점 마곡동,610
테이퍼드커피 등촌동,611
테일러커피 연남동,612
할리스커피 공덕경의선숲길점 염리동,613
R카페 익선동,614
네버더레스 이태원동,615
스타벅스광화문점 광화문점 세종로,616
카페효제눅 연건동,617
카페샤넌 남영동,618
파스텔서촌점 누하동,619
프롤라 성수동2가,620
공차 성신여대점 동선동1가,621
달리는커피 성신여대점 동선동1가,622
더지 동선동3가,623
맨케이브커피 동선동2가,624
카페브릭스 정릉동,625
파도의숲 삼선동5가,626
라뚜셩트 갈현동,627
메리트리 연남동,628
소마커피 부암동,629
애견카페히릿 화양동,630
Grit918 서초동,631
메가엠지씨커피 독바위역점 불광동,632
빌리프커피로스터스 서교동,633
스타벅스구파발역점 구파발역점 진관동,634
일쩜오플로어커피 연남동,635
첫만남 명륜4가,636
커피블랑 회기동,637
공차 송파파크하비오점 문정동,638
더브리즈커피 문정동,639
빽다방 잠실장미상가점 신천동,640
월디커피로스터스 둔촌동,641
이디야커피 문정문현점 문정동,642
카페이안 청담동,643
토다서초 서초동,644
드플로허 한남동,645
레귤러서비스커피숍 망원동,646
밤부 합정동,647
블랙컵 노량진동,648
북촌다방 화동,649
스크렘 역삼동,650
오른손푸드카페 봉천동,651
오헨 여의도동,652
카페폴 봉천동,653
로스코지 신수동,654
무니 후암동,655
안다르커피 창천동,656
인솔커피 상수점 상수동,657
카페모노블럭 모노블록 서교동,658
투썸플레이스 광흥창역점 창전동,659
핸드릭스커피로스터스 동교동,660
빌리엔젤 강남358타워점 역삼동,661
스타벅스 천호대로길동점 길동,662
쏘리에스프레소바 적선동,663
델리 아마폴라 역삼동,664
매머드익스프레스 상봉동점 상봉동,665
매머드익스프레스 영등포시장역점 영등포동7가,666
스타벅스중랑구청점 중랑구청점 신내동,667
아마폴라델리 강남점 역삼동,668
아마폴라델리선릉점 선릉점 역삼동,669
스타벅스 은평구청입구점 응암동,670
스타벅스 홍대공항철도역점 동교동,671
엔제리너스 서초대로점 서초동,672
엔제리너스강남역점 강남역점 서초동,673
테라로사 국립현대미술관점 소격동,674
고디바광화문점 광화문점 세종로,675
새들러하우스 신사동,676
아재커피 북촌점 계동,677
카페호이 자양동,678
37.5 녹번점 녹번동,679
꾸까 이마트월계점 월계동,680
스타벅스중계역점 중계역점 상계동,681
카페러슬 구의동,682
커피마마퀸 암사역점 암사동,683
미스터리룸이스케이프 강남점 서초동,684
발도스커피 목동점 목동,685
셜록홈즈 강남2호점 서초동,686
용파이마켓 역삼동,687
커피스미스 이태원점 이태원동,688
콘레드커피 노량진동,689
79파운야드 도산공원점 신사동,690
듀윗 연남동,691
식물학 용산아이파크몰점 한강로3가,692
와플앨리 안암동5가,693
키베이커리 성수동1가,694
오이스터 후암동,695
티테라피행랑 안국동,696
그린머그 구로동,697
언더그라운드커피웍스 정릉동,698
카페 솔샘771 정릉동,699
카페 전농주택 전농동,700
클류치 명륜3가,701
MTL한남 한남동,702
스타벅스 갤러리아팰리스점 잠실동,703
청키파이 대현동,704
체크인 석촌동,705
MEGACOFFEE메가커피 동소문점 동선동4가,706
그로우랩스터디카페동대문 휘경점 휘경동,707
매머드커피장교빌딩점 장교동,708
결 공평동,709
마크69 성수동1가,710
모멘토브루어스 성수동1가,711
스타벅스 용산역써밋R점 한강로2가,712
아티제 외대점 이문동,713
전광수커피 고대점 안암동5가,714
전광수커피하우스 고려대점 안암동5가,715
토프레소 월곡화랑점 하월곡동,716
투썸플레이스 소공로북창점 북창동,717
마크레인커피 신사동,718
당케커피 한강로2가,719
레레플레이 황학동,720
쥬뗑뷔뜨 석촌동,721
카페커디 마곡동,722
파크15 용산동5가,723
공차 홍대입구역점 동교동,724
빽다방 명지대 홍은동,725
청년다방 홍제역점 홍제동,726
커피컵 종로3가,727
공차 잠실학원사거리점 삼전동,728
먼셀커피 이태원동,729
무스커피 방이동,730
카페이클립스 석촌동,731
라라브레드 공릉점 공릉동,732
익선잡방 익선동,733
Malacca 당산동3가,734
더치앤빈 문래점 문래동3가,735
메가엠지씨커피문래에이스 하이테크점 문래동3가,736
스타벅스 문래역점 문래동3가,737
스타벅스 화곡DT점 화곡동,738
매머드커피 동국대점 필동3가,739
스타벅스 동국대점 충무로5가,740
텐더리커피엔디저트 연남동,741
파인콘 화동,742
모뉴먼트커피 성내동,743
비엔나커피하우스서울숲역점 성수동1가,744
투썸플레이스 강동역점 천호동,745
금남커퓌 상계동,746
물레 상계동,747
키오스크 망원동,748
페그로스터스 서교동,749
푸르딩 서교동,750
내맘대로폰케이스 홍대점 서교동,751
아이엠카페 신림동,752
요크 신림동,753
루나틱커피 동교동점 동교동,754
만랩커피 영등포구청점 당산동3가,755
문베어 창천동,756
밀랑스 대흥동,757
애프터워크클럽 문래동2가,758
카페 크로와플마침내 냉천동,759
커피랩 서교동,760
클래직 인현동2가,761
투썸플레이스신촌점 신촌점 창천동,762
네시사분 연남동,763
번트 안암동2가,764
시간공방 종로점 관철동,765
와플대학 한성대캠퍼스 삼선동2가,766
카페 럭키바 삼선동5가,767
두더지손 당산동6가,768
코타티 성수점 성수동1가,769
라이터스커피 상계동,770
사이커피바 방학동,771
세라젬웰카페 쌍문점 쌍문동,772
실라커피 성북동,773
에이폰드 수유동,774
엔트런스 논현동,775
이디야커피 창동블루핀점 창동,776
카페방학 방학동,777
케냐키암부 이태원동,778
탐앤탐스 창동본점 창동,779
티끌 쌍문동,780
파스쿠찌 성신여대점 동선동4가,781
파스쿠찌 창동점 창동,782
그굴 행당동,783
설빙 서울마곡나루점 마곡동,784
올티드 가락동,785
올티드커피 가락동,786
커피바이 잠실동,787
투썸플레이스 송파구청사거리점 방이동,788
티에리 마곡동,789
도토루커피오스 성수동2가,790
모어쿠키 연남동,791
벌툰 신촌점 창천동,792
셀렉토커피 종암사거리점 종암동,793
아우트리거커피 하월곡동,794
앙시엔 하월곡동,795
엔젤리너스미아삼거리 미아동,796
낙랑파라 아현점 북아현동,797
스타벅스 아현역점 북아현동,798
요거프레소 북아현점 북아현동,799
옐로우버터드림 봉천동,800
설빙 마포공덕점 도화동,801
아마스빈 대흥역점 염리동,802
아마스빈 마포역점 도화동,803
탐앤탐스 마포도화점 도화동,804
투썸플레이스 마포역점 도화동,805
스타벅스코엑스사거리점 코엑스사거리점 삼성동,806
컴포즈커피 강남역센트럴애비뉴점 역삼동,807
클로리스티룸 코엑스점 삼성동,808
한남베르그도산 신사동,809
미노스 신사동,810
소프레소 삼성동,811
오설록티하우스 소격동,812
카페안나 청담동,813
타르틴 서교동,814
노아스로스팅 연희동,815
논탄토 신촌점 창천동,816
이디야커피 명지대점 남가좌동,817
백씨네콩다방 회기동,818
보드게임카페홈즈앤루팡 건대점 화양동,819
스타벅스 상봉역점 상봉동,820
언차일드 휘경동,821
투썸플레이스 망우점 망우동,822
투썸플레이스커피경희대점 커피경희대점 회기동,823
구의동소극장 구의동,824
암스퀘어커피로스터스 구의동,825
원즈커피 구의동,826
이노블스터디카페잠실삼전역점 삼전동,827
카페비잔 신당동,828
카페오로시 자양동,829
커피베이 아차산역점 중곡동,830
커피베이 중곡점 중곡동,831
버글러 중곡동,832
이디야커피 구의자양로점 구의동,833
카페긴고랑길 중곡동,834
트리거커피 중곡동,835
스타벅스 홍제역점 홍제동,836
쥬씨 신촌점 창천동,837
키커피컴퍼니 행당동,838
귀천 관훈동,839
비비브라운 청담동,840
식물관PH 수서동,841
카페밀브리지 역삼동,842
오브너리 갈월동,843
을의커피 청파동2가,844
1월의윤슬 내발산동,845
스타벅스 화곡동점 화곡동,846
이디야커피 마포공덕역점 도화동,847
카페파쉬노 합정동,848
곤트란쉐리에 금천구청역점 시흥동,849
디저트39 금천시흥점 시흥동,850
베이크디 독산동,851
빌리엔젤 마리오아울렛점 가산동,852
스타벅스 금천독산점 독산동,853
와플대학 강남역지하상가캠퍼스 역삼동,854
투썸플레이스 금천롯데캐슬골드파크점 독산동,855
투썸플레이스 이대역점 대현동,856
할리스커피 홍대입구역점 동교동,857
공차서울대입구역점 서울대입구역점 봉천동,858
꿈꾸는리틀피플 정릉동,859
디저트39 교대점 서초동,860
라떼또뜨 방배동,861
스타벅스 몬테소리점 서초동,862
스타벅스석촌역 석촌역 석촌동,863
파스쿠찌 까치산역점 화곡동,864
604서울 망원동,865
둑스커피 당인동,866
멧커피 서교동,867
버터룸 숭인동,868
트랙26 망원동,869
포트레이트커피바 망원동,870
피알커피클럽 망원동,871
예빈당 성수동2가,872
청년다방 롯데월드점 잠실동,873
카페라니 성수동2가,874
카페로이 연희동,875
스타벅스 오류동역점 오류동,876
스타벅스신촌명물거리점 신촌명물거리점 창천동,877
이디야커피 대림역점 대림동,878
고양이똥3 등촌동,879
오버도즈커피 2호점 등촌동,880
그린레시피 논현동,881
디저트39 강남역점 서초동,882
디저트39 학동역점 논현동,883
아워헤르츠 서초동,884
영인성 논현동,885
카페8월 반포동,886
카페드빈티지 역삼점 역삼동,887
카페로코 역삼동,888
카페희다 반포동,889
컴앤쉽 논현동,890
가비애 서교동,891
공차 이대익스프레스점 대현동,892
더벤티 성신여대점 동선동1가,893
베브릿지 성신여대점 동선동1가,894
빽다방 상왕십리역점 하왕십리동,895
스타벅스 목동7단지점 목동,896
아틀리에하모니 보문동5가,897
웨스트빙고 사당동,898
커피빈 코리아고대안암역점 안암동5가,899
커피프롬 동소문동7가,900
투썸플레이스 아리랑힐호텔점 동선동4가,901
투썸플레이스 압구정역점 신사동,902
팔공티 이대점 대현동,903
펠어커피 성신여대점 동소문동6가,904
할리스커피 왕십리역점 행당동,905
랑데자뷰 석촌호수점 삼전동,906
앙떼띠 방이동,907
램미커피 충정로3가,908
프로퍼커피바 오금동,909
지오바네커피 역삼동,910
카페플럼 대치동,911
파퓰러커피 논현동,912
카페르뮤즈 효자동,913
커피와사람들 홍대점 동교동,914
꼬메노 화양동,915
비마이크림 화양동,916
새퍼커피 방배동,917
안다미로팬케이크 화양동,918
애드앤드 화양동,919
컨딩커피 화양동,920
컵인더스튜디오 화양동,921
팬더스윗 화양동,922
TRESSED 잠실동,923
디스베리데이 대조동,924
뚜띠에 가양동,925
발루토피비 이태원동,926
페이퍼마쉐 서린동,927
누아쥬 봉천동,928
인파라다이스 봉천동,929
컴포즈커피관악구청점 봉천동,930
쿼터커피 봉천동,931
설빙 노량진점 노량진동,932
오얏꽃 돈의동,933
날쌘카페 마곡점 내발산동,934
이디야커피 목3동점 목동,935
이디야커피 목동파리공원점 목동,936
카페리카르도 리카르도 창전동,937
멜로워 성수동2가,938
모듈러 후암동,939
차차티클럽 창신동,940
커피휘엘 논현동,941
투썸플레이스 사당역로데오점 방배동,942
한옥카페 남대문로4가,943
마이버터드림 안암동2가,944
그레이랩 합정동,945
덕희커피 합정동,946
롱앤쇼트 홍제동,947
에딕티 명동2가,948
스타벅스 서울숲역점 성수동1가,949
이디야커피 청담역점 청담동,950
쥬씨&고망고 서울숲점 성수동1가,951
화양과자 화양동,952
노이어커피 삼선동4가,953
이디야커피 북촌마을점 화동,954
할리스커피 반포점 반포동,955
가빈커피 창천동,956
굿커피 충정로점 중림동,957
스타벅스 신촌아트레온점 창천동,958
정다방 망원동,959
고양이다락방 창천동,960
미제 역촌동,961
보드게임카페클루 응암동,962
스타벅스 상명아트홀점 동숭동,963
스타벅스 신사가로수점 신사동,964
스타벅스구산역점 구산역점 대조동,965
아티제 코엑스몰점 삼성동,966
읍천리382 응암점 응암동,967
카페무네 부암동,968
투썸플레이스 예술의전당점 서초동,969
하이 브한남 한남동,970
라헬의부엌 홍대점 서교동,971
차니베어스테이션 연남동,972
안밀 봉천동,973
디스탕게 상수동,974
띵똥와플 청파동2가,975
카페데코믹스 홍대점 서교동,976
코오피앤미 미아동,977
무진장 이태원동,978
티알브이알 이태원동,979
투썸플레이스 동교동삼거리점 창천동,980
할리스커피 홍대역2번출구점 동교동,981
BANJO 봉천동,982
도렐 육지3호점 성수동2가,983
모서리에커피집 화양동,984
카페로 구의동,985
프롬하츠커피 성신여대역점 동선동4가,986
와플대학 영등포캠퍼스 영등포동4가,987
다시사랑받개 신내동,988
망우다방&일상맥주 망우동,989
우주라이크커피 신내점 신내동,990
쿠미카페 망우동,991
MMN 청담동,992
베키아에누보 강남점 반포동,993
스타벅스 방배로점 방배동,994
스타벅스 방배역점 방배동,995
스타벅스 서울대입구역점 봉천동,996
스타벅스 신사역점 논현동,997
스타벅스 천호역점 성내동,998
이디야커피 애오개역점 아현동,999
탐앤탐스서울대입구점 서울대입구점 봉천동,1000
스타벅스 방배점 방배동,1001
녹사다리 이태원동,1002
더벤티 마곡나루역점 마곡동,1003
더벤티 신당점 신당동,1004
디어쿠키 합정동,1005
만랩커피마곡역점 마곡역점 마곡동,1006
모자이크 신당동,1007
바이앤드커피 서교동,1008
발트일 연남동,1009
신촌로스팅라이브러리 창천동,1010
씨네마포 서교동,1011
이바머스커피 대흥동,1012
증가로커피공방 남가좌동,1013
캘브커피 성산동,1014
커피가게동경 연희점 연희동,1015
투썸플레이스 마포망원점 망원동,1016
플랫커피 공릉동,1017
해피니스디저트 자양동,1018
헤비사이드 북아현동,1019
투썸플레이스 마포연남점 연남동,1020
스타벅스 낙성대역점 봉천동,1021
스타벅스 영등포본동점 영등포동3가,1022
카페 디자이너리 신림동,1023
청년다방 강변점 구의동,1024
파스쿠찌신촌연세대점 신촌연세대점 창천동,1025
플럽커피 갈현동,1026
이디야커피 신논현점 반포동,1027
할리스 백석예술대점 방배동,1028
크리미디저트 송파동,1029
설빙 가양점 등촌동,1030
아로이커피 홍은벽산점 홍은동,1031
이디야커피 마곡퀸즈파크9점 마곡동,1032
공차중앙대점 흑석동,1033
더카페 구로우림이비지센터1차점 구로동,1034
망원동티라미수 약수점 신당동,1035
멀티익스프레스커피 종로2가,1036
메가엠지씨커피 종각역점 종로2가,1037
메가엠지씨커피 청구역점 신당동,1038
사평커피 신당동,1039
아재커피 종로구청점 청진동,1040
오슬랑커피 금호동1가,1041
컴포즈커피 신당역점 신당동,1042
재미난조각가 압구정점 신사동,1043
이디야커피 홍대중앙점 서교동,1044
고디바_ 가로수길점 신사동,1045
로와이드 성수동1가,1046
쓰리닷츠 마장동,1047
앙뿌 봉천동,1048
위스위츠 성수동2가,1049
카멜커피 7호점 성수동1가,1050
고잉홈 망원동,1051
에롤파 성수동1가,1052
에스크투데이 연희동,1053
메가엠지씨커피 서울역점 동자동,1054
메가엠지씨커피 성북구청점 삼선동5가,1055
빽다방 길음역점 길음동,1056
우리행성 상계동,1057
투썸플레이스 한성대입구역점 동소문동2가,1058
금옥당 인사점 관훈동,1059
더브레드블루 신촌본점 노고산동,1060
더피터커피 흥인동,1061
로이터커피셸터 필동3가,1062
브라운시티 합정동,1063
키시미뇽 서교동,1064
LTP한남 한남동,1065
메가엠지씨커피 회기역점 휘경동,1066
스타벅스 외대정문점 이문동,1067
스타벅스외대점 외대점 이문동,1068
스택레이어커피 이문동,1069
어빌리티커피 이문동,1070
엘가커피 외대점 이문동,1071
퍼프 서교동,1072
BroomCoffee 서초동,1073
공차 타임스퀘어점 영등포동4가,1074
글린커피 개포동,1075
깡철이 서초동,1076
룰커피 서초동,1077
매머드익스프레스 남부터미널점 서초동,1078
메가엠지씨커피 교대역점 서초동,1079
벨라빈스커피 서초점 서초동,1080
설빙 남부터미널점 서초동,1081
스타벅스 도산가로수길점 논현동,1082
스타벅스남부터미널2점 남부터미널2점 서초동,1083
시티갤러리카페 서초점 서초동,1084
아이라이크마운틴 한남동,1085
앵글340 장사동,1086
얌커피 자양동,1087
엔237카페앤베이커리 논현동,1088
카멜롯 서초점 서초동,1089
카페 오병호베이커리 서초동,1090
커피빈 코리아논현동팍스타워점 논현동,1091
커피앳웍스 양재역점 서초동,1092
클라우즈비 도곡동,1093
투썸플레이스 서초구청점 서초동,1094
트래고드 도곡동,1095
티이거슈가 명동역점 충무로2가,1096
파스쿠찌 서초점 서초동,1097
파스쿠찌 양재역점 도곡동,1098
폴바셋 신세계백화점영등포점 영등포동4가,1099
플랜에이스터디카페 서초케이프센터 서초동,1100
먼치스앤구디스 성수동2가,1101
어름 신길동,1102
이디야커피 대방역점 대방동,1103
할리스 대방역점 대방동,1104
할리스커피 대방역점 대방동,1105
데어유고 미아동,1106
로우키 성수동2가,1107
만랩커피 당산중앙점 당산동4가,1108
바코드커피 하왕십리동,1109
벤투라커피 미아동,1110
스트라다146 당산동4가,1111
이스트우드 도림동,1112
컴포즈커피 영등포구청한솔빌딩점 당산동3가,1113
공간갑 을지로3가,1114
이디야커피 당곡사거리점 봉천동,1115
이디야커피 성공회대점 항동,1116
내피커피 문래동2가,1117
누시 후암동,1118
골목카페 응암동,1119
꾸에바마테라 용산동2가,1120
놀숲 이태원점 이태원동,1121
리프커피 신당동,1122
마키아티 역삼동,1123
오가다 대학로본사점 동숭동,1124
카페어퍼콜라보 어퍼콜라보 한남동,1125
캘린더커피스탠드 안암동2가,1126
커피브레이크 신수동,1127
커피빈 강남대로센터점 역삼동,1128
커피빈 강남대로점 서초동,1129
커피빈 코리아강남대로점 서초동,1130
커피빈 코리아서초동점 서초동,1131
투썸플레이스 강남역KR타워점 역삼동,1132
투썸플레이스 월곡역코업스타점 하월곡동,1133
카페연무장 연무장 성수동2가,1134
라떼킹 안암동5가,1135
아마스빈 고대안암점 안암동5가,1136
이디야커피 여의도역점 여의도동,1137
메가커피 가양역점 등촌동,1138
스타벅스 관악서울대입구R점 봉천동,1139
벙커컴퍼니 압구정점 신사동,1140
카페 트레비 군자동,1141
트레비커피로스터스 군자동,1142
프레지커피 송파동,1143
쏘리에스프레소바 계동,1144
오앤디 휘경동,1145
포크라이언 대현동,1146
기기커피 역삼점 삼성동,1147
이디야커피 신사점 논현동,1148
커피그래피티연남 연남동,1149
투썸플레이스 용산아이파크몰점 한강로3가,1150
호이안로스터리 1호점 문정동,1151
"그리고스튜디오,흑석커피 흑석동",1152
수수커피강남N 타워점 역삼동,1153
스타벅스 노량진동점 노량진동,1154
언더프레셔 삼성동,1155
마이루틴 합정동,1156
파스쿠찌 서울대점 신림동,1157
카페설리번 당산점 당산동6가,1158
가비아노 동숭동,1159
스타벅스 건대입구점 화양동,1160
스타벅스 사당역점 사당동,1161
투썸플레이스 건대입구점 화양동,1162
인덴트커피룸 망원동,1163
루이스의사물들 주교동,1164
피르마 신사동,1165
보통의낭만 양평동4가,1166
파티셔리마루 서교동,1167
보스켓 역삼동,1168
아분드 한남동,1169
오페라빈에스프레소바 서초동,1170
카페수 서초동,1171
커피와차 통의동,1172
코랄밸리 상도동,1173
버튼플레이 상계동,1174
스타벅스 은행사거리점 중계동,1175
쿠방플러스 상계동,1176
943킹스크로스 서교동,1177
벌툰 까치산역점 화곡동,1178
빌리엔젤 신문로1가,1179
이디야커피 이마트구로점 구로동,1180
이디야커피 함지박사거리점 방배동,1181
컴포즈커피 방배카페거리점 방배동,1182
라비앙코코 이태원동,1183
리지트커피 이태원동,1184
엘파티오 성수동1가,1185
바렌나에스프레소바 송파동,1186
브라운핸즈카페 도곡동,1187
에스프레소바슈가 합정동,1188
틈커피 당산동1가,1189
소마드로잉카페 홍대점 서교동,1190
콘시드서울 한강로3가,1191
마비노스커피 상계동,1192
예셰숄 성수동2가,1193
원모어커피바 석촌동,1194
프롬라떼 연남동,1195
비닐하우스 문래동3가,1196
아티제 부영태평빌딩점 태평로2가,1197
커피집이공 신정동,1198
그릭데이 경희대점 회기동,1199
돌체돌체 성수동2가,1200
릿커피로스터스 봉천동,1201
추억속의그다방 서초동,1202
카페수달 안국동,1203
커피더캠프 보라매롯데타워점 신대방동,1204
트롤비즈코리아 성수동1가,1205
문랜딩 보광동,1206
담쟁이집 견지동,1207
스타벅스 강남교보타워R점 서초동,1208
스타벅스삼청동점 삼청동점 삼청동,1209
알렉스더커피 성북점 성북동,1210
떼루와떼루와반포점 떼루와반포점 반포동,1211
스타벅스 강남에비뉴점 서초동,1212
스타벅스 서래마을입구점 반포동,1213
카페테인 정릉동,1214
탄탈라이즈르네테르커피 압구정동,1215
투썸플레이스 방배카페거리점 방배동,1216
디어파인 청파동2가,1217
미스랄라 이촌동,1218
스타벅스 이촌점 이촌동,1219
인터랙트 논현동,1220
이엔갤러리 평창동,1221
카페미드나잇 논현동,1222
커피빈 코리아중계동은행사거리점 중계동,1223
커피빈코리아강남역먹자골목점 코리아강남역먹자골목점 역삼동,1224
투썸플레이스 역삼테헤란로점 역삼동,1225
보드게임카페홈즈앤루팡 신촌점 창천동,1226
커피101 서교동,1227
투썸플레이스 상암MBC점 상암동,1228
카페다오 혜화동,1229
헤이즐넛버터 회기동,1230
민트하임 홍대점 서교동,1231
설빙 광운대점 월계동,1232
쥬시 금천은행나무점 시흥동,1233
커피나무 건대역점 화양동,1234
커피나무 노원점 상계동,1235
콘레드커피 광운대점 월계동,1236
투썸플레이스 북서울꿈의숲점 번동,1237
마곡테이블 마곡동,1238
브루잉세레모니 성수동2가,1239
헤리스헤이스 마곡동,1240
오타르 익선동,1241
비엔나커피하우스 이수역점 방배동,1242
카페희다 당산점 당산동,1243
이디야커피 공덕롯데캐슬 공덕동,1244
이디야커피 신도림메르디앙점 신도림동,1245
히어로스터 신도림동,1246
폴바셋 롯데백화점잠실점 잠실동,1247
폴바셋 방배역점 방배동,1248
폴바셋 일원역점 일원동,1249
투썸플레이스 여의도점 여의도동,1250
더크림 장안동,1251
카페돌담콩 태평로2가,1252
STDO 성수동1가,1253
노아스로스팅 신사점 잠원동,1254
에피세리꼴라주 한남동,1255
테라로사 포스코센터점 대치동,1256
빌리엔젤 서여의도점 여의도동,1257
빌리엔젤강남 역삼동,1258
어썸도넛서울 합정동,1259
백야드빌더 성수점 성수동1가,1260
커피나인이태원 이태원동,1261
커피빈 코리아대학로마로니에점 동숭동,1262
그릭데이 홍대점 서교동,1263
구테로이테 수유동,1264
메가엠지씨커피 수유사거리점 수유동,1265
메가엠지씨커피4.19사거리점 수유동,1266
메가엠지씨커피가 오리역점 수유동,1267
오커피랩 수유동,1268
와플대학 수유캠퍼스 수유동,1269
투썸플레이스 CGV수유 수유동,1270
투썸플레이스 수유사거리점 수유동,1271
공차현대아울렛가산점 현대아울렛가산점 가산동,1272
메가엠지씨커피 금천독산점 독산동,1273
빽다방 구로KT점 신림동,1274
이디야커피 가산그레이트점 가산동,1275
투썸플레이스 구로디지탈역깔깔거리점 구로동,1276
할리스커피 난곡사거리점 신림동,1277
139COFFEE 전농동,1278
볼랫 답십리동,1279
언오프 전농동,1280
적정고요 전농동,1281
커피나인 답십리동,1282
쿠도스커피로스터즈 공덕동,1283
메리고라운드 연남동,1284
비건마마 봉천동,1285
소보로인 당산동4가,1286
원스커피 미아점 길음동,1287
지니앤캐터피스 미아동,1288
공차신촌연세로점 신촌연세로점 창천동,1289
놀숲 강남교보타워점 서초동,1290
디오델커피 독산동,1291
카페 플레이온보드게임 구로동,1292
스타벅스 강남구청정문점 청담동,1293
스타벅스 건대스타씨티점 자양동,1294
스타벅스 잠실점 신천동,1295
담대하게커피워크 응암동,1296
코페아신드롬 마포점 성산동,1297
리플렉트 서초동,1298
파브리끄 양재점 서초동,1299
퍼스널커피 망원동,1300
피어커피광희문 신당동,1301
메가엠지씨커피 당산중앙점 당산동5가,1302
비밀의화원리버타운 역삼동,1303
빽다방 신림대학점 신림동,1304
스타벅스 양재강남빌딩R점 도곡동,1305
엔제리너스 노량진점 노량진동,1306
탐앤탐스 양재위메스점 양재동,1307
히포커피 대학동점 신림동,1308
올딧세 한강로3가,1309
스타벅스 여의도공원점 여의도동,1310
안암카페더보일 안암동5가,1311
헤미안커피바 이태원동,1312
더벤티 롯데마트김포공항점 방화동,1313
더벤티 양천향교역점 마곡동,1314
메가엠지씨커피가양초점 가양동,1315
메가커피등촌 성당점 등촌동,1316
바빈스 가양점 가양동,1317
바빈스커피 가양점 가양동,1318
샵힘이나는커피생활 발산역점 마곡동,1319
아이캔커피 마곡점 등촌동,1320
커피사피엔스등촌데시앙플렉스점 등촌동,1321
컴포즈커피 등촌3동점 등촌동,1322
스타벅스 길음역점 돈암동,1323
쿠스누어 송파동,1324
아오스요거트 화양동,1325
오시요거트 성수동1가,1326
유스트레스 성수동2가,1327
포동푸딩 용산점 한강로3가,1328
더파이홀 창천동,1329
카시코이 연희동,1330
패트릭스와플 여의도동,1331
닥터로빈목동점 목동점 목동,1332
스타벅스 대치대원빌딩R점 대치동,1333
스타벅스 순천향입구점 한남동,1334
스타벅스 청담점 청담동,1335
스타벅스 코엑스몰점 삼성동,1336
니블스 신사동,1337
단일서울 성수동1가,1338
더티로우커피 신설동,1339
데이원커피바 남영동,1340
소크 신당동,1341
파오리 신당동,1342
메리하하 화곡동,1343
빌리엔젤 마곡역점 마곡동,1344
빽다방 우장산역점 화곡동,1345
스타벅스 우장산역점 내발산동,1346
매개체커피 신사동,1347
톤앤매너 서교동,1348
투썸플레이스서울대입구역점 서울대입구역점 봉천동,1349
메가커피 망원역점 망원동,1350
스타벅스 IFC몰점 여의도동,1351
테일숍 창전동,1352
더블루스 상수동,1353
컴포즈커피 목동깨비시장점 목동,1354
투썸플레이스 등촌역점 등촌동,1355
포퀸스보드카페 등촌점 등촌동,1356
라프레 성수동1가,1357
스웨이커피스테이션 연희동,1358
노란꼬무줄 송파동,1359
더카페 송파가락점 송파동,1360
메가엠지씨커피석촌고분역 석촌동,1361
빽다방 송파사거리점 석촌동,1362
이디야커피 삼전역점 삼전동,1363
카페 부라더타코야끼&캔 송파동,1364
컴포즈커피 송파사거리점 석촌동,1365
투썸플레이스 삼전역점 삼전동,1366
할리스 방이역점 오금동,1367
리틀채스우드 성내동,1368
림폴커피 성내동,1369
메가엠지씨커피 강동구청점 성내동,1370
브로일링커피 강동점 성내동,1371
스타벅스 강동구청DT점 성내동,1372
스타벅스 석촌호수점 송파동,1373
와플에구름 신사동,1374
이디야커피 강동구청점 성내동,1375
채스우드커피 성내동,1376
커피로드463 성내동,1377
커피빈 올림픽공원북2문앞 성내동,1378
커피빈코리아올림픽공원북 성내동,1379
컴포즈커피 강동구청점 성내동,1380
타자도르 도곡점 도곡동,1381
토팡가커피 성내동,1382
파이오니어커피 성내동,1383
피넛커피 강동점 고덕동,1384
피에로커피 성내동,1385
할리스 고덕그라시움후문점 고덕동,1386
스타벅스 마포염리점 염리동,1387
이디야커피 강서가양동점 가양동,1388
젤르 가양동,1389
메리그린 명륜4가,1390
스타벅스 동숭로아트점 동숭동,1391
스타벅스 쌍문역점 창동,1392
해마티룸 혜화동,1393
메가MGC커피답십리초점 답십리동,1394
메가엠지씨커피 답십리사거리점 답십리동,1395
빽다방 답십리사거리점 답십리동,1396
스타벅스 답십리역점 답십리동,1397
CAFEWONDER카페원더 카페원더 양재동,1398
바하마스 길동,1399
오우아 방배동,1400
투썸플레이스 공덕풍림빌딩점 공덕동,1401
알버트파크 연남동,1402
카페죠꽁드 삼청동,1403
히포커피서울대점 서울대점 신림동,1404
디저트39 등촌역점 염창동,1405
메가엠지씨커피 염창점 염창동,1406
빽다방 강서블루나인점 염창동,1407
설빙 홍대입구역점 동교동,1408
스타벅스 을지로내외빌딩점 을지로2가,1409
와플대학 등촌역캠퍼스 목동,1410
카페모니에 염창동,1411
팔공티 염창점 염창동,1412
이미커피로스터스 구로동,1413
투썸플레이스 동묘앞역점 창신동,1414
도식화 서교동,1415
보통공간 연남동,1416
커스텀커피 합정점 서교동,1417
카페클라츠 갈현동,1418
할리스커피 연신내점 대조동,1419
가나슈블랫 연남동,1420
더미쓰리 이태원동,1421
림벅와플 합정점 합정동,1422
모몽 청파동3가,1423
엔티커피 종로6가,1424
코스믹라떼 서교동,1425
틴패낼리 신월동,1426
더벤티 노원문화의거리점 상계동,1427
더벤티 중계은행사거리점 중계동,1428
"밸리,커피집 가산동",1429
카페멍스 상계동,1430
갤러리커피하우스 성북동,1431
라그린 정동,1432
세네동 옥인동,1433
아름다운차갤러리 인사동,1434
프롬하츠커피신설동지웰홈스점 신설동,1435
소소정찻집 사당동,1436
코우드 봉천동,1437
메가엠지씨커피 가락중앙점 가락동,1438
메가엠지씨커피 굽은다리역점 명일동,1439
메가엠지씨커피 뚝섬역점 성수동1가,1440
스타벅스 교대법원점 서초동,1441
스타벅스 아시아선수촌점 잠실동,1442
스타벅스석촌서호점 석촌서호점 삼전동,1443
스타벅스선릉로점 선릉로점 역삼동,1444
스타벅스천호로데오점 천호로데오점 천호동,1445
엔제리너스 대한제당점 신천동,1446
이디야커피 잠실나루역점 신천동,1447
커핀그루나루 올림픽공원역점 방이동,1448
투썸플레이스 삼성도심공항점 삼성동,1449
회현카페 회현동1가,1450
디저트킴 대방동,1451
반달커피서울 자양점 자양동,1452
보스커피&브런치 봉천동,1453
부라더스 우이동,1454
블랑슈크레 중계동,1455
엘카페 성수동1가,1456
이디야커피 송파헬리오시티점 석촌동,1457
카페요이 합정동,1458
턴온 성수동2가,1459
공차 녹번역점 응암동,1460
루디먼트 성수동2가,1461
아마스빈 구산역점 구산동,1462
와플대학 명보사거리캠퍼스 초동,1463
할리스커피 구산역점 구산동,1464
할리스커피 무악재역점 홍제동,1465
로일즈 연남동,1466
유동커피 연남동,1467
카페이즈니 베이킹랩 동교동,1468
에이투지카페 태평로1가,1469
만랩커피 상암사보이시티DMC점 상암동,1470
매머드익스프레스 상암사보이시티점 상암동,1471
바람커피 연남동,1472
바람커피원두상점 연남동,1473
벨에시크 남가좌동,1474
선휴커피 남가좌동,1475
스타벅스 가재울뉴타운점 남가좌동,1476
스타벅스 목동트라팰리스점 목동,1477
에스페란자로스터즈 홍은동,1478
와밀 마곡동,1479
청년다방 가재울점 남가좌동,1480
커피볶는그랑 동교동,1481
로우커피한남 한남동,1482
무궁화로스터즈 창동,1483
처음커피 상계동,1484
빨간벽돌 신대방동,1485
아마스빈 보라매점 신대방동,1486
워너커피 상도동,1487
투썸플레이스 신대방삼거리점 상도동,1488
파스쿠찌 보라매공원점 신길동,1489
스타벅스 구파발사거리 진관동,1490
스타벅스 한국프레스센터점 태평로1가,1491
투썸플레이스상암E&M점 상암E&M점 상암동,1492
강남커피 역삼동,1493
사라네과자점 봉천동,1494
스타벅스 발산역사거리점 마곡동,1495
스타벅스 봉은사역점 삼성동,1496
스타벅스 선유도역1번출구점 양평동5가,1497
이디야커피 만리동고개점 만리동2가,1498
쥬씨 영등포시장역점 영등포동5가,1499
커피빈코리아인사점 코리아인사점 낙원동,1500
레이크커피바 서교동,1501
요거트맨 문정점 문정동,1502
커피랩스로스터리 합정점 서교동,1503
그릿커피랩 신림점 신림동,1504
메가엠지씨커피 서울시립대점 전농동,1505
청파동커피 청파동2가,1506
마이크로브레이크커피 양재동,1507
매머드익스프레스매헌역점 양재동,1508
스타벅스 청량리역사점 전농동,1509
카페드센 대림동,1510
맥코이커피 연남동,1511
멍멍이다방 화곡동,1512
아마도 등촌동,1513
탐앤탐스 강서구청점 화곡동,1514
히어로보드게임카페 홍대1호점 서교동,1515
달콤커피 종로종각점 관철동,1516
랭스터디카페 신림점 신림동,1517
커피베이 중화역점 중화동,1518
할리스 태능입구역점 공릉동,1519
레스트어와일 신대방동,1520
리트웨이 내발산동,1521
아르코 노량진동,1522
이디야커피 장승배기역점 상도동,1523
카페게이트 고대안암점 안암동5가,1524
카페단색 합정동,1525
커피빈 대치역점 대치동,1526
메가엠지씨커피 금호역점 금호동4가,1527
버티컬 서교동,1528
스타벅스 은평이마트점 응암동,1529
카페 백련스터디 응암동,1530
커피에반하다 은평신사점 신사동,1531
나리당 사당동,1532
컨템포 성수동2가,1533
베이글카페 화양동,1534
빽다방 화양사거리점 성수동2가,1535
작심스터디카페 화양점 화양동,1536
커피나무 어린이대공원역점 군자동,1537
이디야커피 송정역점 공항동,1538
이디야커피 이수중앙점 사당동,1539
커피명가 안암점 안암동4가,1540
205도씨 명륜2가,1541
네가있어고마워 양평동6가,1542
스타일커피 삼성동,1543
아티제 도산로점 신사동,1544
커피인류 강남구청점 삼성동,1545
해머스미스커피 삼성점 삼성동,1546
해머스미스커피삼성 선정릉역점 삼성동,1547
22번가 신내동,1548
블루샥 망우역점 망우동,1549
어페어커피 성수동2가,1550
이프노즈커피 묵동,1551
인디펜던트커피 전농동,1552
잇덴굿 상봉점 상봉동,1553
재나양과점 면목동,1554
카페트레블 동숭동,1555
커피스터프 상봉동,1556
커피플랜트 도곡동,1557
콩밭커피로스터 용산동2가,1558
파브리끄 역삼GFC점 역삼동,1559
누리정 상암동,1560
카페게이트 상암DMC점 상암동,1561
코코버블티 홍대점 서교동,1562
투썸플레이스올리브영본점 올리브영본점 명동1가,1563
공차 건대스타시티점 자양동,1564
그래그릭 중곡동,1565
너티카페 군자동,1566
면곡당 중곡동,1567
블레이크커피 능동,1568
스미다 중곡동,1569
스타벅스 아차산역점 구의동,1570
심;심 능동,1571
에이요커피 군자동,1572
이디야커피 중곡중앙점 중곡동,1573
쥬씨군자역점 군자역점 능동,1574
천계월 구의동,1575
청년다방 중곡점 중곡동,1576
카페올 중곡동,1577
투썸플레이스 아차산역점 능동,1578
피코야 중곡동,1579
피크닉베이크 연희동,1580
더스키&커피 동숭동,1581
스타벅스 마로니에공원점 동숭동,1582
카페 오롯이 청량리동,1583
투썸플레이스 선릉로점 역삼동,1584
해머스미스커피역삼 테헤란로점 역삼동,1585
메가커피 신설동역점 신설동,1586
스타벅스황학캐슬점 황학캐슬점 황학동,1587
커피볶는야곱 중계동,1588
컨시어지커피 연희동,1589
투썸플레이스 보문역점 보문동2가,1590
타이거에스프레소 이태원동,1591
텐퍼센트커피 하월곡점 하월곡동,1592
핸섬로스팅커피 제기동,1593
다정다감 마곡동,1594
댄싱컵 마곡점 마곡동,1595
라떼유 등촌동,1596
블루샥마곡 중앙점 마곡동,1597
숨 가양동,1598
스윗라운드 등촌동,1599
앤덴커피 마곡동,1600
예루커피컴퍼니 마곡동,1601
커비커피 가양동,1602
커스텀커피 마곡점 마곡동,1603
클라소피 신대방동,1604
포비 용산점 한강로3가,1605
폴바셋 강서부민병원점 등촌동,1606
한남베르그 한남동,1607
히뽀1997 본동,1608
힐브레드 마곡동,1609
사비오커피 저동2가,1610
소금다방 소공동,1611
스타벅스 도산사거리점 논현동,1612
할리스커피 아시아선수촌점 잠실동,1613
아로이커피 녹번점 녹번동,1614
이디야커피 응암역점 역촌동,1615
커피베이 증가점 북가좌동,1616
내사랑 대현동,1617
크렘크럼블 신사동,1618
그릿시냇가까페 신정동,1619
놀숲 신정네거리역점 신정동,1620
스타벅스 당산점 당산동6가,1621
스타벅스 목동역점 신정동,1622
스타벅스 문래동점 문래동3가,1623
라스베이글 성수점 성수동2가,1624
모므로살롱 성수동1가,1625
브링미커피 자양점 자양동,1626
언니커피 성수동2가,1627
올로 성수동2가,1628
커피오스 성수동1가,1629
G-CAFE 신림동,1630
궁전다방 신림동,1631
나폴레옹키오스크 태평로1가,1632
댄앤데얼 잠실동,1633
메가엠지씨커피삼전역점 삼전동,1634
메가엠지씨커피잠실새내역점 잠실동,1635
신양로스터스 송파동,1636
앙상블커피 삼전동,1637
오슬로우커피H비지니 스파크점 문정동,1638
이로리로스터스 잠실동,1639
카페 2.7 석촌동,1640
카페 드플로르 신림동,1641
카페 엘로이 독산동,1642
카페 인팩토리 상수동,1643
카페에이엠730 독산동,1644
커핀그루나루신천점 신천점 잠실동,1645
고나카페 구산동,1646
더데이즈커피 도곡동,1647
더빈마켓 독산동,1648
로덴드론 동교동,1649
투썸플레이스 마곡점 마곡동,1650
투썸플레이스현대 지식산업센터 독산동,1651
프라우커피 당산동4가,1652
BOUNTE 마곡동,1653
스타벅스마포아크로타워점 마포아크로타워점 도화동,1654
이디야커피 합정역점 서교동,1655
아브릴Avril 마곡동,1656
마노스커피 명일동,1657
미츠커피앤바 상일동,1658
튠업카페 이문동,1659
플로릭카페 이문동,1660
모베러블루스 동숭동,1661
알티프로젝트 동숭동,1662
포츠커피 상봉동,1663
게슈탈트커피 연남동,1664
스타벅스 잠실시그마타워점 신천동,1665
쥬씨망원 시장점 망원동,1666
콜린 서교동,1667
스타벅스 금천시흥점 시흥동,1668
이디야커피 시흥사거리점 시흥동,1669
이디야커피 시흥점 시흥동,1670
커피나무 죠셉의 성북동,1671
투썸플레이스 도곡타워팰리스점 도곡동,1672
메가엠지씨커피 노량진점 노량진동,1673
서교로터리커피바 서교동,1674
아이도넛케어 이태원동,1675
이디야IBK고객센터 한남동,1676
타이거슈가강남고속터미널 반포동,1677
폴바셋 용산아이파크몰점 한강로3가,1678
공차 여의도점 여의도동,1679
느티나무 도서관점 신림동,1680
뮤어 상계동,1681
빽다방 신설동역1호점 신설동,1682
소마드로잉카페 명동점 을지로2가,1683
이너모스트 공릉동,1684
투썸플레이스 수락산역점 상계동,1685
할리스커피 수락산역점 상계동,1686
린도 사당동,1687
빽다방 강남역지하도점 역삼동,1688
엔트런스 서초동,1689
요거트맨 강남점 역삼동,1690
더카페 가산노블루체점 가산동,1691
메가엠지씨커피 양천향교역점 마곡동,1692
스타벅스 가양역점 등촌동,1693
카페게이트 강서한강자이점 가양동,1694
커피베이 가양더리브점 가양동,1695
탐앤탐스 마곡이너매스점 마곡동,1696
투썸플레이스 강서등촌한빛점 등촌동,1697
"눈내리는숲,설래임 홍대본점 서교동",1698
루시드 상수동,1699
스타벅스 안국점 재동,1700
스타벅스명동길점 명동길점 충무로2가,1701
스타벅스합정메세나몰점 합정메세나몰점 서교동,1702
아마스빈 상수역점 상수동,1703
에그드랍 상수역점 상수동,1704
윅앤드위켄드 상수동,1705
이디야커피 교육개발원사거리점 양재동,1706
카페사부작 영등포동6가,1707
투썸플레이스양재역점 양재역점 양재동,1708
랜드온커피 행당동,1709
브로벨커피 성수동2가,1710
브로벨커피BroBellCoffee 성수동2가,1711
계단집 회현동1가,1712
고양이정원 개화동,1713
빽다방 약수역점 신당동,1714
숙대앞맛있는샌드위치 청파동2가,1715
카페심볼 원효로1가,1716
커피공장 신당동,1717
커피니 숙대점 청파동2가,1718
커피온리 동대문점 쌍림동,1719
투썸플레이스 약수역점 신당동,1720
투썸플레이스 충무로역점 필동2가,1721
할리스커피 약수역점 신당동,1722
더킴카페 응암동,1723
디저브 동교동,1724
미네르바 창천동,1725
컴포즈커피 이수총신대점 사당동,1726
콜렉티보 타임스퀘어점 영등포동4가,1727
히어로보드게임카페 홍대2호점 동교동,1728
4F카페 방산동,1729
바이러닉에스프레소바 여의도점 여의도동,1730
커피팝 연희동,1731
파이드파이퍼 한강로3가,1732
내곡숲 내곡동,1733
모랩스튜디오 서교동,1734
비스트로33 신원동,1735
세컨클락 신원동,1736
이리카페 상수점 상수동,1737
이젤커피앤바 망원동,1738
스타벅스 명일이마트점 명일동,1739
쎄븐스퀘어 태평로2가,1740
투썸플레이스 충정로센트럴플레이스 중림동,1741
스타벅스 구역삼세무서점 역삼동,1742
이디야커피 가산대륭19차점 가산동,1743
커피빈 코리아차병원점 역삼동,1744
스타벅스 영등포KT점 영등포동8가,1745
예일타운커피랩 당산동4가,1746
커피마글 가락동,1747
리어커피 망원동,1748
하이힐 이태원동,1749
녹음커피바 녹번동,1750
온도차 녹번동,1751
우주라이크커피 독립문역점 무악동,1752
투썸플레이스 서울역센트럴자이점 만리동2가,1753
헤이븐 창성동,1754
파롤앤랑그 연남동,1755
스타벅스 영동2교점 양재동,1756
스타벅스 학동역점 논현동,1757
스타벅스서울중앙우체국점 서울중앙우체국점 충무로1가,1758
투썸플레이스 숙대입구역점 남영동,1759
우디집 성수동1가,1760
미니말레커피뢰스터 서초동,1761
카페 포레스트 상도동,1762
트러스트커피 신대방동,1763
카페희다 마곡점 마곡동,1764
coppercoffee 명륜1가,1765
달걀책방 연희동,1766
동네커피 원서동,1767
매일카페 연남동,1768
피스피스연남 연남동,1769
버블티킹신촌점 신촌점 창천동,1770
성곽마을삼층까페 부암동,1771
스타벅스신대방삼거리역점 신대방삼거리역점 상도동,1772
요거프레소 장승배기역점 상도동,1773
할리스커피노량진역점노량진역점 노량진역점 노량진동,1774
헤븐리가든 상도동,1775
바빈스 커피관악구청점 봉천동,1776
빨라쪼델프레도 코엑스몰점 삼성동,1777
이디야커피 오목교대학학원점 목동,1778
카페 산다서울대입구점 봉천동,1779
커스텀커피봉천e편한세상점 봉천동,1780
커피프리덤 신림동,1781
티테리아 잠실점 신천동,1782
캠토 구의동,1783
커피마켓 화양동,1784
티룸 성수동1가,1785
끼룩하우스 익선동,1786
빽다방월계광운대점 월계광운대점 월계동,1787
코르키 중계동,1788
에그마카슈 남대문점 남창동,1789
플로우 연남동,1790
라치몬트 봉천동,1791
뽀르뚜아 동교동,1792
최가커피 자양동,1793
라우더커피바 봉천동,1794
먼셀커피 사당동,1795
씨크스페셜티커피 봉천동,1796
제비다방 상수동,1797
카페이야기 이야기 신림동,1798
커피버넷 봉천동,1799
푀유파티세리 봉천동,1800
레드애플을지 트윈타워점 을지로4가,1801
스틸커피 안암동3가,1802
베베베 한남동,1803
포스트노빌즈 망원동,1804
리브스 망원동,1805
스타벅스 구로호텔점 구로동,1806
스타벅스 남영동점 갈월동,1807
스타벅스 선유도역점 양평동4가,1808
스타벅스 태평로점 태평로2가,1809
지오북카페 봉천동,1810
카페코드 방배동,1811
커피베이 서울역점 동자동,1812
탐앤탐스 사당역점 방배동,1813
할리스 김포공항점 공항동,1814
할리스커피 김포공항점 공항동,1815
머스타시 오금동,1816
모리셔스브라운 방이점 오금동,1817
멜팅팟 평창동,1818
베스킨라빈스 응암역점 역촌동,1819
설빙 응암역점 신사동,1820
커피빈코리아상암동SBS 상암동,1821
공차 마곡나루점 마곡동,1822
투썸플레이스 목동메가박스점 목동,1823
투썸플레이스 발산W타워점 마곡동,1824
고미푸딩 망원동,1825
디저트진진 송파동,1826
러브올디저트 천호동,1827
뮬리 역삼동,1828
분카샤롯데월드몰점 신천동,1829
샐러디 방이점 방이동,1830
서정적살롱 송파동,1831
자몽하다 송파동,1832
제네랄드링크샵 신사동,1833
카페애드 삼전동,1834
카페핑크데이지 동선동2가,1835
코지블루 송파동,1836
페블 서교동,1837
핸드쿤스트 방이동,1838
"과일에반하다,프루타 고대점 안암동5가",1839
노아스로스팅롯데에비뉴엘 월드타워점 신천동,1840
비컴로스터리 거여동,1841
스타벅스 송파마천사거리DT점 마천동,1842
일리카페잠실아이파크점 아이파크점 잠실동,1843
212베이크샵 마곡동,1844
니니브런치 석촌동,1845
더비너브로 반포동,1846
더플롯커피 마곡동,1847
카페 다이브 염창동,1848
"커피,한송이 등촌동",1849
더카페 독산이네스트점 독산동,1850
모르페커피 원효로1가,1851
스케일즈커피 방배동,1852
오하요도넛 원효로1가,1853
코마이스케이프 홍대점 서교동,1854
달콤스타 오금동,1855
더벤티 면목역점 면목동,1856
빽다방 방이시장점 방이동,1857
카페 인중독강동점 길동,1858
카페디15 망우동,1859
공차 회기점 휘경동,1860
투썸플레이스 이태원역점 이태원동,1861
교보핫트랙스 동대문점 을지로6가,1862
그라데이션커피 성수동1가,1863
던베이글 용산동2가,1864
바마셀 원효로1가,1865
스타벅스 서울세관사거리점 논현동,1866
스타벅스 신촌오거리점 노고산동,1867
카페마마스잠실점 마마스잠실점 신천동,1868
커티스 청파동3가,1869
투썸플레이스 강남자곡점 자곡동,1870
사이드테이블 연남동,1871
스터디카페특별 노량진동,1872
투썸플레이스 남부지방법원점 신정동,1873
투썸플레이스 양천구청점 신정동,1874
공차 구의점 구의동,1875
스타벅스 구의역점 구의동,1876
시드누아 중곡점 중곡동,1877
에스프레소바시 자양동,1878
카페다비다 다비다 구의동,1879
스타벅스경복궁역 통의동,1880
아티제 대신파이낸스센터점 저동1가,1881
메가엠지씨커피 강남포이점 개포동,1882
아임일리터 방화동,1883
아임일리터 방화역점 방화동,1884
에쉬본 연희동,1885
에스뜨레야 양재동,1886
카페알로하 양재동,1887
클레어플레이스 양재1호점 양재동,1888
공차 마곡역점 마곡동,1889
공차 이대서울병원점 마곡동,1890
니니키친 대흥동,1891
스타벅스 서강대흥역점 대흥동,1892
청년다방 신촌점 대현동,1893
카페129-11 129-11 연희동,1894
카페윤잇 신사동,1895
타이거슈가 홍대본점 서교동,1896
시옷구독커피 성수동2가,1897
워너커피 남성역점 사당동,1898
커피림 송정동,1899
놀숲이수역점 이수역점 사당동,1900
스타벅스 마포경찰서후문 아현동,1901
커피인더스트리 종암동,1902
투썸플레이스충정로역점 충정로역점 충정로3가,1903
홍콩다방 공덕점 공덕동,1904
부머스 도산점 신사동,1905
테르미니 용산아이파크몰점 한강로3가,1906
메가커피 고대정문점 제기동,1907
버블티킹 고대점 안암동5가,1908
성북동연우재 성북동1가,1909
스타벅스 안암역점 안암동5가,1910
아르켓 신사동,1911
오일리커피 안암동5가,1912
클락워크 제기동,1913
라뿔 송파동,1914
베러나이브스 석촌동,1915
빽다방 강동구청점 성내동,1916
스타벅스 노원역점 상계동,1917
카페 보스서울신림점 신림동,1918
커피박스신림 대학동점 신림동,1919
투썸플레이스 올림픽공원역점 방이동,1920
소소한그날 구의동,1921
아이아오 성내동,1922
치키차카초코 마곡점 마곡동,1923
카페구들 자양동,1924
토키 문래동3가,1925
다복다복 봉천동,1926
에쎄레젤라또 명동2가,1927
커피더맨 원효로1가,1928
그랜파키친 반포동,1929
올비바이테일러커피 대치동,1930
라온디저트 제기동,1931
카페 오와이 제기동,1932
투썸플레이스 제기동역점 제기동,1933
컴포즈커피 광진아차산점 구의동,1934
갸또마마 명일동,1935
커파우스 도화동,1936
곳간 연희동,1937
떼오도르 한남동,1938
사루비아다방 연희동,1939
메가엠지씨커피 은평뉴타운점 진관동,1940
메가커피 은평뉴타운점 진관동,1941
짝꿍제과 성내동,1942
커피익스플로러 성수동2가,1943
파티스리꼬똥 성내동,1944
후키커피 성내동,1945
스타벅스 봉은사로선정릉점 삼성동,1946
카페다인 역삼동,1947
카페두레브 두레브 세곡동,1948
폴바셋현대모터스튜디오서울점서울점 서울점 논현동,1949
베이글팩토리 청파동2가,1950
고망고 망원점 망원동,1951
도깨비커피 남창동,1952
먹고싶지롱 역촌동,1953
보드놀이터 서교동,1954
빽다방 불광역점 불광동,1955
아마스빈 버블티연신내점 갈현동,1956
컴포즈커피 불광제일점 대조동,1957
빽다방 숭실대점 상도동,1958
스타벅스 방배카페골목점 방배동,1959
카페 오오디 여의도동,1960
컴포즈커피 남성역점 사당동,1961
만랩커피 창동역점 창동,1962
저스트시즌 창동,1963
더카페 용문사거리점 용문동,1964
맘마미아오븐 도화동,1965
메가엠지씨커피 용문시장점 용문동,1966
아이캔커피 용산점 용문동,1967
우리동네노리터 효창동,1968
이디야커피 용산효창점 효창동,1969
컴포즈커피 용문시장점 용문동,1970
스타벅스 고대점 안암동5가,1971
스타벅스삼성교점 삼성교점 대치동,1972
용두다방 용두동,1973
할리스커피 한티역점 대치동,1974
공차화곡역점 화곡역점 화곡동,1975
디저트39 화곡역점 화곡동,1976
크로플로 화곡점 화곡동,1977
파스쿠찌 이대서울병원점 마곡동,1978
이디야커피 청구역점 신당동,1979
카페 인중독상도점 상도동,1980
아파트먼트기룬 장충동2가,1981
하이디하우스 신당동,1982
미러볼커피스탠드 원남동,1983
카페디 평창동,1984
모디피 등촌동,1985
투썸플레이스 강남KI타워점 서초동,1986
공차 홍대점 서교동,1987
빽다방 마포경찰서점 아현동,1988
투썸플레이스 마포공덕점 공덕동,1989
메르시보꾸 연희동,1990
카페흥신소 흥신소 행당동,1991
메가엠지씨커피 면목중앙점 면목동,1992
씨위드커피 이문동,1993
이디야커피 뚝섬유원지역점 자양동,1994
커스텀커피 건대점 자양동,1995
커피빈 건대스타시티점 자양동,1996
투썸플레이스 건대스타시티점 자양동,1997
UNUSUAL 당산동4가,1998
이디야커피 마곡나루역점 마곡동,1999
커피사피엔스이앤씨 드림타워점 양평동3가,2000
플립커피로스터스 마곡동,2001
리드커피스탠드 삼성동,2002
옥수서재 옥수동,2003
파라다이스커피숍 돈의동,2004
기글리하우스 신림동,2005
카페오름 신림동,2006
프롬카페 신림동,2007
설빙 가락시장역점 가락동,2008
쏭다방 거여동,2009
카페정성 가락동,2010
카페차란 거여동,2011
호감 가락동,2012
데니스 크로플팩토리 응암동,2013
투썸플레이스 종로알파빌딩점 서린동,2014
투썸플레이스광화문점 광화문점 신문로1가,2015
튀튀쿠키 누하동,2016
커피스미스 서교동,2017
루흔카페 신림동,2018
엘더스터디카페 서울대점 봉천동,2019
카페이드라 안국동,2020
세라젬웰카페 답십리점 답십리동,2021
알렉스더커피 신당동,2022
보그너커피 휘경동,2023
골드문커피 한강로3가,2024
날쌘카페 상암DMC점 증산동,2025
마당커피 상도동,2026
미스터힐링 명동역점 명동2가,2027
조앤더주스 용산아이파크몰점 한강로3가,2028
카페 우드진마곡나루점 마곡동,2029
카페새싹 상암동,2030
크럼피 봉천동,2031
할리스커피용산더프라임점 용산더프라임점 원효로1가,2032
빽다방 당산역점 당산동6가,2033
이디야커피 당산버드나루점 영등포동7가,2034
덤앤더머 홍대점 서교동,2035
메가엠지씨커피 봉일시장점 봉천동,2036
빽다방 봉천역점 봉천동,2037
커피캣츠웰 봉천동,2038
셀렉토커피 을지로점 인현동1가,2039
수목티 남창동,2040
스위스워터커피 워터커피 삼성동,2041
온더써드 신설동,2042
디저트카페2월5일 신정동,2043
젤라리소 신대방점 신림동,2044
라니크 공항동,2045
휴카페 창천동,2046
망티커피 성수점 성수동2가,2047
피죤그램 성수동2가,2048
쥬씨잠실학원사거리점 잠실학원사거리점 삼전동,2049
컴포즈커피 개포동점 개포동,2050
티번 송파점 송파동,2051
아크페브 보광동,2052
콰이트 상계동,2053
리멘틱 망원동,2054
솔트포레스트 연남동,2055
FROM818 봉천동,2056
니피커피 봉천동,2057
프롬팔일팔 봉천동,2058
CAFE216 신림동,2059
남대문커피 마곡동,2060
더런드렛 신림동,2061
더치앤빈 난향점 신림동,2062
스타벅스 국회대로점 여의도동,2063
스타벅스 서초동점 서초동,2064
알로할로 망원동,2065
에이바우트커피 선유도점 양평동4가,2066
이디야커피 성산중앙점 성산동,2067
이루리북스 도화동,2068
장수커피 등촌동,2069
카페 아데나 재동,2070
카페레브 신림동,2071
카페큐브 현대백화점디큐브점 신도림동,2072
메가엠지씨커피 우이동점 우이동,2073
메가엠지씨커피정릉 아리랑점 정릉동,2074
숲.O 쌍문동,2075
카미노커피로스터스 방학동,2076
탐앤탐스 덕성여대점 우이동,2077
립스트커피 묵동,2078
심플리에스프레소바 양평동4가,2079
폴바셋 강남GT타워점 서초동,2080
스타벅스 연희동점 연희동,2081
에프터눈커피 동교동,2082
감성커피 신논현점 논현동,2083
매카이 양평동2가,2084
이디야커피마곡역점 마곡역점 마곡동,2085
할리스커피 강남대로논현 논현동,2086
언커먼그라운드커피카페 성수동2가,2087
작업실 서초커피 서초동,2088
커스텀커피서초래미안리더스원점 서초동,2089
디저트솜 녹번동,2090
인포멀웨어 논현동,2091
카페105 연남동,2092
스타벅스신세계본점 신세계본점 충무로1가,2093
다름디저트 자양동,2094
밀피 화양동,2095
홈워크 화양동,2096
달콤 한위로 성북동1가,2097
배배커피 상계동,2098
무슈부부커피스탠드 망원동,2099
브루브로스커피 서교동,2100
이오월 상암동,2101
그릭앤 송파동,2102
도미넌트 성내동,2103
성내천커피 오금동,2104
오하나 방이동,2105
카페코브 석촌동,2106
리웨이커피 방이동,2107
스타벅스 서초중앙로점 반포동,2108
스타벅스 역삼포스코점 역삼동,2109
스타벅스 청담사거리점 청담동,2110
스타벅스 한티역점 대치동,2111
옥별정 하왕십리동,2112
빽다방 화곡역점 화곡동,2113
와플대학 화곡본캠퍼스 화곡동,2114
이디야당산 당산동5가,2115
이디야커피 압구정점 신사동,2116
커피베이 염창동투웨니퍼스트점 염창동,2117
커피베이 염창점 염창동,2118
커피볶는카페어썸 염창동,2119
투썸플레이스 염창역점 목동,2120
아마스빈 서울시립대점 전농동,2121
쥬씨휘경점 휘경점 휘경동,2122
커피온리 서울시립대점 전농동,2123
엘까페씨또바 신당동,2124
텀블리나커피 하월곡동,2125
신빙고 신당동,2126
컴포즈커피 신당동점 신당동,2127
쿠키빠와21커피크리머리 자양동,2128
널드커피 송파동,2129
레츠그릭 화곡동,2130
감성커피 길동사거리점 길동,2131
메가엠지씨커피 길동역점 길동,2132
쵸비하우스 석촌동,2133
노버든 당산동3가,2134
용다방 서교동,2135
카페 아에동대문점 흥인동,2136
커피로만 한강로3가,2137
달콤커피 역삼역점 역삼동,2138
로기스커피 면목동,2139
모던양갱집 정릉동,2140
어보브더힐 방배동,2141
에이그레이트카페 성수점 성수동2가,2142
카페 네츄럴100허니 신당동,2143
카페조이 성수동2가,2144
커피볶는집바오밥나무 서초동,2145
컴포즈커피 약수더시티점 신당동,2146
더모놀로그하우스 후암동,2147
베브릿지 숙명여대점 청파동2가,2148
본솔카페 청파동2가,2149
투썸플레이스용산트윈시티점 용산트윈시티점 동자동,2150
너드커피스탠드 청파동2가,2151
더벤티 대흥역점 대흥동,2152
매머드익스프레스 삼성타운점 서초동,2153
백미당D 타워점 청진동,2154
벤티프레소 강남점 서초동,2155
에그맛있다 청파동2가,2156
진심커피 공덕파크자이점 공덕동,2157
츄로101삼청점 삼청점 삼청동,2158
카페 라이더 서계동,2159
카페게이트 강남역센트럴점 역삼동,2160
커피빈 삼성전자강남사옥점 서초동,2161
콘띠오 양재동,2162
펠어커피 강남포스코사거리점 대치동,2163
폴바셋 서대문역점 순화동,2164
폴바셋 코리아나호텔점 태평로1가,2165
프라넬 청파동2가,2166
할리스 충무로점 필동2가,2167
공차 은평응암점 응암동,2168
투달러스커피 성수동2가,2169
곰발커피 후암동,2170
글래드유케임 용산동2가,2171
너드커피랩 동자동,2172
이디야커피 용산후암점 후암동,2173
카페 351 동자동,2174
더퍼즐 대흥동,2175
솟솟618 원지동,2176
쉼스토리 역삼동,2177
카페IMT 수표동,2178
커피밀 을지로2가,2179
에무 신문로2가,2180
위트앤시니컬 혜화동,2181
언덕다방 보광동,2182
이디야커피 역삼점 역삼동,2183
카페더블린 동숭동,2184
피어커피로스터스 성수동2가,2185
이디야커피 우림시장점 망우동,2186
카페소고 망우점 망우동,2187
탐앤탐스 더칼립소점 신사동,2188
ITTABLE 역삼동,2189
독서동행 역삼동,2190
투썸플레이스 강남역삼로점 역삼동,2191
하와이사자팩토리 신천동,2192
할리스커피 잠실광고회관점 신천동,2193
도화아파트먼트 도화동,2194
비커피 미아동,2195
빈웍스 구로디지털점 구로동,2196
아자아자 독산동,2197
카페 파라노이드구로 구로동,2198
카페보니또 사당점 남현동,2199
감성커피테라스 가락동,2200
데이던스 송파동,2201
모닝그루브 성내동,2202
벌툰 잠실새내점 잠실동,2203
빽다방 가락시장역점 가락동,2204
스타벅스 몽촌토성역점 방이동,2205
스타벅스 문정로데오점 가락동,2206
요미스라이스x요거트 가락동,2207
지오커피 문정점 문정동,2208
커피에반하다 신월동점 신월동,2209
커피타운 한강로2가,2210
타이거커피 계동,2211
플러스마이너스커피 가락동,2212
레이지나인 연희동,2213
앤디앤쌤 연희동,2214
커피코트 국회의사당역점 여의도동,2215
레어마카롱 대치동,2216
에드빗 삼성동,2217
공차 NC송파점 문정동,2218
공차 암사역점 암사동,2219
세라젬웰카페 고덕점 고덕동,2220
송화의카페 상일동,2221
이디야커피 응봉동점 응봉동,2222
카페노냥 냉천동,2223
더클로짓 합정동,2224
디저트39 공릉점 공릉동,2225
아마스빈 버블티마들역점 상계동,2226
백미당강남358 타워점 역삼동,2227
스타벅스 강남비젼타워점 역삼동,2228
스타벅스 신논현역점 반포동,2229
스타벅스 역삼초교사거리점 역삼동,2230
카페.김랩 이문동,2231
달리는커피 구의1호점 구의동,2232
디터틀 성북동,2233
딜리스 공릉동,2234
루히그 방배동,2235
매트팩토리 용두동,2236
몽아 군자동,2237
빽다방 건대로데오점 자양동,2238
썬스랩 창동,2239
와플대학 군자캠퍼스 군자동,2240
위트브라운 공릉동,2241
일일커피 암사동,2242
카페사근 사근동,2243
커피발아 중화동,2244
커피베이 군자점 군자동,2245
커피엉클샵 공릉동,2246
크룽크룽 하계동,2247
호말커피 행당동,2248
레어그루브 신길동,2249
베러댄와플 신림점 신림동,2250
브레드피트 여의도동,2251
스타벅스역삼럭키 역삼동,2252
커피온리샛강역사점 여의도동,2253
투썸플레이스 대방역점 신길동,2254
파브커피 공릉동,2255
로칼커피 갈월동,2256
북카페레벤 논현동,2257
스타벅스강남삼성타운점 강남삼성타운점 서초동,2258
미르보드게임 흑석동,2259
이공커피 흑석동,2260
컴포즈커피 중앙대점 흑석동,2261
플라타너스 나귀와 흑석동,2262
손탁 서교동,2263
열정공장 명륜4가,2264
오와케이크 성신여대점 동선동3가,2265
커피스미스 대학로서경대점 혜화동,2266
마스터그레이드커피 신정동,2267
블라썸컴패니언 신정동,2268
스티머스 여의도동,2269
언톨드스위츠 명동점 명동2가,2270
오늘은지은다방 신정동,2271
집앞카페 신정동,2272
커피스튜디오 신정동,2273
54계단커피 방배동,2274
샌드뱅크 사당동,2275
컵오브컴포트 상도1동,2276
시에스타 서소문동,2277
안드레아 신도림동,2278
코너빈 노량진동,2279
공차 신림포도몰점 신림동,2280
칠요일의케이크 청담동,2281
카페스밍스튜디오 스밍스튜디오 성수동1가,2282
가문비커피 안암동1가,2283
달굼당 신대방동,2284
더리터 상도점 상도동,2285
와플대학 노량진캠퍼스 노량진동,2286
카페 도르래 삼성동,2287
오와이커피 제기동,2288
카페포조 응암동,2289
커피빈 코리아신촌점 창천동,2290
스타벅스미아역점 미아역점 미아동,2291
이디야커피 미아역점 미아동,2292
쥬씨차얌신촌 이마트점 노고산동,2293
카페앰핑 노고산동,2294
프레쉬스터디카페 신촌점 창천동,2295
호이차 연희동,2296
갭나인 나인 석촌동,2297
루즈도어 합정동,2298
베리에이션 석촌동,2299
오후의파이 석촌동,2300
인타운커피 논현동,2301
카페수 방배동,2302
커피인류 개포점 일원동,2303
코히루 송파동,2304
호롤커피 석촌동,2305
카페 롱시티 청파동3가,2306
데일리3커피 서초동,2307
마이포레스트 양재동,2308
산체스커피 양재점 양재동,2309
헤브어트리 갈월동,2310
빽다방 돈암아리랑점 돈암동,2311
설곡랩커피로스터스 안암동4가,2312
이디야커피돈암아리랑점 돈암아리랑점 돈암동,2313
더벤티 연신내점 갈현동,2314
컴포즈커피 연신내점 불광동,2315
카프 응암동,2316
청년다방 동양미래대점 고척동,2317
청년다방 오목교역점 신정동,2318
카페아이엠티 고덕메가스퀘어점 고덕동,2319
코뮌에스프레소 소격동,2320
키친205 롯데월드몰점 신천동,2321
모리커피서울 중계은행사거리점 중계동,2322
이디야커피 도봉산점 도봉동,2323
인터미션 동숭동,2324
카페 그린버디 도봉동,2325
킹비즈센터 노고산동,2326
로맨틱타임 서초동,2327
온기경 양재동,2328
이디야커피 대치역점 대치동,2329
이디야커피 한티역점 대치동,2330
자르뎅마조렐 논현동,2331
아마스빈 중앙대점 흑석동,2332
쥬씨강남역세무서점 강남역세무서점 역삼동,2333
리사르커피을지로 예관동,2334
이디야커피 용산청파점 청파동1가,2335
행운보다행복 갈월동,2336
공차 서울역점 봉래동2가,2337
커피마마 중랑점 중화동,2338
킨포크도산 신사동,2339
메가엠지씨커피마포시민 공원점 망원동,2340
설빙 상암동,2341
지파시 롯데몰김포공항점 방화동,2342
투썸플레이스 합정메세나폴리스 서교동,2343
니드스윗 송파점 송파동,2344
비단콤마브런치 상도동,2345
공차 롯데시네마은평점 진관동,2346
공차 정동점 충정로1가,2347
마음의정원 진관동,2348
원슈가데이 진관동,2349
이디야커피 구파발역점 진관동,2350
이디야커피 염창동점 염창동,2351
이디야커피 염창역점 염창동,2352
하비커피 염창동,2353
더머커피 신대방동,2354
진을림 신길동,2355
슈퍼말차 롯데월드몰점 신천동,2356
카페와이 송파동,2357
플라워까페기리울 길동,2358
과일팡 강동점 천호동,2359
세레니티커피 풍납동,2360
숲속아지랑이 문정동,2361
카페설기 풍납동,2362
투썸플레이스 천호로데오점 천호동,2363
호야커피 성내동,2364
루메니코 용산동2가,2365
만랩커피 을지로5가점 을지로5가,2366
머드거트 용산동2가,2367
원스쿠키즈 후암동,2368
이디야커피 동부이촌동점 이촌동,2369
카페베네 세종문화회관 세종로,2370
파스쿠찌 용산더센트럴점 한강로3가,2371
AUFGLET 금호점 금호동1가,2372
스타벅스종로수송점 종로수송점 청진동,2373
커스텀커피 을지로점 관철동,2374
누운 망원동,2375
라온아토 홍은점 홍은동,2376
스플릿세컨드 연희동,2377
비지엠커피 방배동,2378
달냥 녹번동,2379
마름모커피 상암동,2380
비건카페달냥 녹번동,2381
이디야커피 고척스카이돔점 고척동,2382
브레쉬에비뉴 방학점 방학동,2383
온도감 방학동,2384
파르코카페 미아동,2385
스트라다 을지로점 을지로3가,2386
보헤미안박이추커피공장 상암동,2387
심플커피 장위동,2388
앤스 연남동,2389
앤스커피클럽 연남동,2390
올모스트홈카페 경리단길점 이태원동,2391
올모스트홈카페경리단길 이태원동,2392
데일리트로피칼 트로피칼 안암동5가,2393
캐시아커피하우스 등촌동,2394
커피하우스 캐시아 등촌동,2395
메가엠지씨커피 창동이마트점 창동,2396
메가엠지씨커피강북 시장점 수유동,2397
탐앤탐스 정릉점 정릉동,2398
배봉커피 장안동,2399
빽다방한양대점 한양대점 행당동,2400
스타벅스 왕십리역점 도선동,2401
이디야커피 마장역점 마장동,2402
제퍼커피 한강로2가,2403
SAYSOMETHING 통의동,2404
김.COFFEE 동선동5가,2405
미남커피 신림동,2406
바이란 하왕십리동,2407
보로우커피 통의동,2408
블루제이 하왕십리동,2409
챔스빈커피 상왕십리점 도선동,2410
플렉시블커피 동선동4가,2411
카페진 동선동2가,2412
스타벅스 강남세곡점 세곡동,2413
스타벅스 금호역점 금호동4가,2414
이디야커피 논골사거리점 금호동1가,2415
수유리조트 수유동,2416
수이아 창동,2417
빽다방종로관철점 종로관철점 관철동,2418
어나더커피로스터스 서교동,2419
이디야커피 동국대후문점 충무로5가,2420
이디야커피 연신내중앙점 대조동,2421
커피N빙수 역촌동,2422
어나더원커피 서교동,2423
어웨이크커피바 혜화동,2424
너에게커피 신림동,2425
알타미라 서교동,2426
엔제리너스 역삼점 역삼동,2427
엔제리너스강남역사거리점 강남역사거리점 역삼동,2428
카페 스텔라 방배동,2429
달꿈남매 면목동,2430
이디야커피 중랑경찰서점 신내동,2431
카페 오르모어 신내동,2432
카페러블리 암사동,2433
카페브릭 신내동,2434
온리밋 방이동,2435
카페나루 광장동,2436
커피빈코리아선릉로93길점 코리아선릉로93길점 역삼동,2437
한스 광진점 구의동,2438
투썸플레이스 도산공원사거리점 논현동,2439
카페로비 서초동,2440
파스쿠찌 장안사거리점 장안동,2441
원앤온리커피 대현동,2442
놀숲 마곡발산점 마곡동,2443
스타벅스 상암MBC점 상암동,2444
이나더베어 합정동,2445
길동이네 쌍문동,2446
디저트카페낙타 수유동,2447
로팸 수유동,2448
미스터힐링 종각역점 종로2가,2449
수유간 수유동,2450
스위트커피 수유동,2451
아임파인 방학동,2452
카조 수유동,2453
카페더문 방학동,2454
바나프레소 삼성점 삼성동,2455
커피랩스로스터리 문래동6가,2456
메이티엔 건대점 화양동,2457
녹원 회기동,2458
도너츠윤 덕성여대점 우이동,2459
소년커피 석관동,2460
덴시티커피 청담동,2461
일야에스프레소 염리동,2462
핑크멜로우 신사가로수길점 신사동,2463
로이즈 제2롯데월드몰점 신천동,2464
위드그레텔 쌍문동,2465
바니유 송파동,2466
프롬테오커피 연남동,2467
아티제 건국대병원점 화양동,2468
이디야커피 수유역점 수유동,2469
커피공장2010 쌍문동,2470
유니크스윗 상수동,2471
레어커피 여의도동,2472
버즈소커피 당산동4가,2473
오핀카페 영등포점 문래동3가,2474
로우포지션 신림동,2475
마카롱친구들 목동,2476
매머드커피 영등포구청역점 당산동3가,2477
김민혁커피 동선동2가,2478
달리는커피 독산1호점 독산동,2479
카페 그리닝봉천점 봉천동,2480
투썸플레이스가산대성디폴리스점 가산대성디폴리스점 가산동,2481
씨유그릭 대현동,2482
카페그리다 정릉동,2483
1028커피엔디저트 성내동,2484
메가엠지씨커피 면목역점 면목동,2485
아마스빈 방배역점 방배동,2486
우지커피 중랑구청점 신내동,2487
작은창고21 면목동,2488
카페향아 면목동,2489
"Cafe,Sky&Library 반포동",2490
쓰리버즈 센트럴시티점 반포동,2491
핀카페 반포동,2492
고품격커피공장 둔촌동역점 성내동,2493
마호가니 현대백화점천호점 천호동,2494
맥그레고르 성내동,2495
카페수다 성내동,2496
텐퍼센트커피 역삼점 역삼동,2497
플러터 성내동,2498
소림커피 서교동,2499
어딕티브 반포동,2500
커피홀 니스용두점 용두동,2501
래핑폭스 연희동,2502
메가엠지씨커피망원망리단길점 망원동,2503
미드위크 연남동,2504
채널오렌지 연남동,2505
카페 롤다운 연남동,2506
597카페 화양동,2507
구름뜬하늘 서교동,2508
미스터힐링 이수점 사당동,2509
투썸플레이스 동양미래대점 고척동,2510
로쿠커피 군자동,2511
짐스하이드어웨이 군자동,2512
카페포제 성수동2가,2513
로스커피 서교동,2514
스포링포니 권농동,2515
꼬물베이크샵 중계동,2516
달콤바스켓 바스켓 상계동,2517
스타벅스숭실대점 숭실대점 상도동,2518
에슬로우커피 공릉점 공릉동,2519
집사의하루 건대점 화양동,2520
춘삼월 중계동,2521
코발트무드 연남동,2522
디저트39 위례점 장지동,2523
릴리마를렌 명륜4가,2524
스타벅스 충무로역점 필동2가,2525
오도브 오금동,2526
커피볶는카페지팡 목동,2527
타로카페드뷔시산장 행당동,2528
더벤티 마들역점 상계동,2529
스윗레시피 상계동,2530
플러드엠 창동,2531
달렉스 월계동,2532
베르트 재동,2533
샹드마르스커피 공릉점 공릉동,2534
프롬커피바 서교점 서교동,2535
플렘므 연남동,2536
언니가숨겨놓은과자상자 방배동,2537
이삭토스트 방배동점 방배동,2538
파스쿠찌테크노마트점 테크노마트점 구의동,2539
레잇먼트 이태원동,2540
카페 그린스 마천동,2541
탐앤탐스 신촌로터리점 창천동,2542
탐앤탐스 신촌점 창천동,2543
메가커피 연남숲길점 연남동,2544
카페모아마포중앙도서관점 모아마포중앙도서관점 성산동,2545
아씨뜰 내곡동,2546
쥬청과 강남세곡점 자곡동,2547
스타벅스 압구정2점 신사동,2548
스타벅스 상도역점 상도1동,2549
스타벅스 여의도일신점 여의도동,2550
커피팩토리쏘 노량진동,2551
필살기 성수동1가,2552
그린랩 성수동1가,2553
스타벅스 중앙대점 흑석동,2554
카페랑솜 명륜4가,2555
슬리핑피쉬 봉천동,2556
뉴웨이브커피 신정동,2557
사유공간찻집 용산동6가,2558
알라카르테 강남점 역삼동,2559
에이스타테크놀로지 신도림동,2560
쥬씨 강서화곡역점 화곡동,2561
체르보 화곡동,2562
카페오니 화곡동,2563
히든플래닛 화곡동,2564
베러디 논현동,2565
인사동코트 인사동,2566
카페 헤이든스터디 반포동,2567
카페인은 서초동,2568
커피마마 사당역점 방배동,2569
카페 인중독신촌점 노고산동,2570
설빙 강남역2호점 역삼동,2571
에그에그 자양동,2572
스타벅스신촌점 신촌점 창천동,2573
공차 외대점 이문동,2574
메가엠지씨커피 휘경주공점 장안동,2575
먼셀커피 미아점 하월곡동,2576
모아새 망원동,2577
아임빈 안암동5가,2578
허슬블렌딩 휘경동,2579
스크립트 창천동,2580
이크이크 삼선동5가,2581
커피프로젝트 제기동,2582
메가엠지씨커피논골사거리점 금호동1가,2583
피컨트 이태원동,2584
카페본주르 동교동,2585
이디야커피 목동남부점 신정동,2586
언니네다락방 명륜4가,2587
가배팩토리 시흥동,2588
자상한시간 봉천동,2589
케익다방 자양동,2590
공간샘스터디카페 봉천2호점 봉천동,2591
크래프티 봉천동,2592
놀숲 건대점 자양동,2593
아티제 잠원2점 잠원동,2594
스타벅스 국립중앙의료원점 을지로6가,2595
스타벅스 동빙고점 동빙고동,2596
할리스 가산디지털단지점 가산동,2597
할리스커피 가산점 가산동,2598
대루커피 합정동,2599
오가다대치점 대치점 대치동,2600
비어위크 봉천동,2601
비올즈플라워카페 비올즈플라워 봉천동,2602
심신프리 홍대점 서교동,2603
이디야커피 녹번동점 녹번동,2604
이디야커피 본서부병원점 응암동,2605
이디야커피 신촌로터리점 노고산동,2606
이디야커피 화곡중앙점 화곡동,2607
이심전심 응암동,2608
카페 느루 응암동,2609
쥬리비 창신동,2610
창신단길 창신동,2611
메가엠지씨커피 낙성대역점 봉천동,2612
감성커피 군자역점 능동,2613
스타벅스 올림픽대교북단점 구의동,2614
카페게이트 가산점 가산동,2615
커피베이 가산직영점 가산동,2616
컴포즈커피 세종대학교점 군자동,2617
스타벅스 대치삼성프라자점 대치동,2618
스타벅스 독산사거리점 독산동,2619
스타벅스 압구정윤성빌딩점 신사동,2620
스타벅스 여의도역점 여의도동,2621
스타벅스 장위뉴타운점 장위동,2622
설빙 명지대점 남가좌동,2623
컴포즈커피 홍제삼거리점 홍제동,2624
투썸플레이스 홍제삼거리점 홍제동,2625
공차 경찰병원역점 가락동,2626
공차경찰병원역점 경찰병원역점 가락동,2627
이디야커피 가락중앙점 가락동,2628
이디야커피 마천사거리점 거여동,2629
스타벅스 중곡점 중곡동,2630
COFFEEHABIT 성북동,2631
보나비아티제잠실타워730점 신천동,2632
프로젝트얼스 성북동,2633
라떼곰 중화동,2634
메가커피 중랑구청점 신내동,2635
에그카페24 신내점 신내동,2636
정배다방 석촌동,2637
더베스트커피 가양동,2638
밀화당 서울지점 마곡동,2639
카페루 홍제동,2640
커피볶는집 방화동 방화동,2641
카페 샤라라 봉천동,2642
베네딕션 명륜1가,2643
커피에반하다 답십리점 답십리동,2644
스타벅스 광나루점 광장동,2645
맛차차 성수동1가,2646
윤스카페 마곡동,2647
롯데팩토리아울렛 가산점 가산동,2648
골든커피로스터스 방이동,2649
아르고보니 성수동1가,2650
에잇비돌체 월드타워점 신천동,2651
카페비밀 도곡동,2652
인정식빵 봉천동,2653
보드가야 당산동3가,2654
커피컵 당산동4가,2655
요거프레소 노원문화점 상계동,2656
달콤커피 한남동점 한남동,2657
카페테틈 연남동,2658
무드오더 화곡동,2659
별이네커피집 화곡동,2660
카페 프렌즈 화곡동,2661
컴포즈커피 모세미점 목동,2662
메가엠지씨커피가좌역점 남가좌동,2663
메가엠지씨커피신도림태영타운점 구로동,2664
스타벅스 역삼대로점 역삼동,2665
캐치카페 신촌 창천동,2666
공차 방이역점 오금동,2667
온리스터디카페419센터 수유동,2668
지지엔엔베이크샵 노량진동,2669
피숑 노량진동,2670
라온커피 행당동,2671
만랩커피 구의점 구의동,2672
선릉마실길 삼성동,2673
할리스커피한양대시티빌점 한양대시티빌점 행당동,2674
세라젬카페오가다 압구정점 신사동,2675
쉘리 뉴코아아울렛강남점 잠원동,2676
스타벅스 명동남산 남산동3가,2677
스타벅스 반포역점 잠원동,2678
스타벅스 서초구청점 서초동,2679
카페델씨엘로 반포동,2680
메가엠지씨커피 쌍문점 쌍문동,2681
베리베리굿 창동,2682
빽다방종암사거리점 종암사거리점 종암동,2683
이디야커피 동소문동점 동소문동4가,2684
이디야커피 문정중앙점 문정동,2685
이디야커피동소문동점 동소문동점 동소문동4가,2686
올드너티 성수동2가,2687
정성다방 동자동,2688
읍천리382 장안점 장안동,2689
이스트우드 망원동,2690
카페비에이지 비에이지 삼선동3가,2691
커피기업 합정동,2692
커피볶는성군 2호점 장안동,2693
하브 전농동,2694
랭스터디카페 이대점 대현동,2695
연춘커피 갈현동,2696
프로즌빈 신사동,2697
코나헤이븐 명륜1가,2698
본새커피 암사동,2699
온더루트 신사동,2700
커피나무 휘경동,2701
카페우디 충무로점 충무로3가,2702
해브어나이스데이 중곡동,2703
로스터리87 구로동,2704
마스터키 강남점 역삼동,2705
카페 희다신정네거리역점 신정동,2706
COFFEEZOE 대현동,2707
배꽃커피 대현동,2708
블루포트 이화여대점 대현동,2709
공차 보라매점 봉천동,2710
엘에스와이커피 상도동,2711
이넬INEL 신길동,2712
이디야잠실 잠실동,2713
이디야커피 송파잠실점 잠실동,2714
커피베이 송파풍납점 풍납동,2715
스타벅스 대치한티점 대치동,2716
카페야 남현동,2717
웰위치아 문래동3가,2718
인포메이션 역삼동,2719
M2커피 보문동5가,2720
더치앤빈 안국역점 재동,2721
듀드롭 정릉동,2722
매더커피갤러리 서초동,2723
바나프레소 역삼점 역삼동,2724
스타벅스 문화일보점 충정로1가,2725
스타벅스 장한평역점 장안동,2726
에이바우트커피 이수점 사당동,2727
카페문 대현동,2728
카페일레븐 일레븐 논현동,2729
프롬하츠커피 신설역점 신설동,2730
해머스미스커피 학동역점 논현동,2731
두리안디저트카페 두리안디저트 구로동,2732
스타벅스 서울아트센터점 서초동,2733
타임스터디카페방배 방배동,2734
잠바주스 연세세브란스점 신촌동,2735
만랩커피 강남역점 역삼동,2736
반지대학 홍대본점 서교동,2737
사직로커피 내자동,2738
커피에반하다 하월곡동점 하월곡동,2739
라루 시흥동,2740
커피상담원 마곡동,2741
컵앤커피 신림동,2742
백미당 IFC몰점 여의도동,2743
이디야커피 4.19사거리점 수유동,2744
이디야커피 불광중앙점 불광동,2745
이디야커피 해군회관점 대방동,2746
컴포즈커피 신길점 신길동,2747
스타벅스마포일진빌딩점 마포일진빌딩점 도화동,2748
아티제 메세나폴리스점 서교동,2749
디플 망원동,2750
마실ing 홍은동,2751
토스트가마시는커피 방배동,2752
양재커피 양재동,2753
쥬씨 쌍문동점 쌍문동,2754
쥬씨 쌍문역점 쌍문동,2755
투썸플레이스쌍문중앙점 쌍문중앙점 창동,2756
투썸플레이스 아름제일여성병원점 구로동,2757
가은사주앤타로 송파동,2758
라딧프로젝트 송파동,2759
아이스마일카페 방이동,2760
커피공작소 송파동,2761
조선커피 신사동,2762
카페 잉스스터디 개포동,2763
감성커피 성신여대점 동선동1가,2764
배스킨라빈스청량리역사점 청량리역사점 전농동,2765
디저트39 당산역점 당산동5가,2766
로드31커피 당산동3가,2767
벌툰 당산점 당산동6가,2768
브링미커피 양평동3가,2769
누마레 성수동2가,2770
더벤티 개포점 개포동,2771
메종드기기 목동,2772
스타벅스 염창역점 염창동,2773
카페 로칼레 목동,2774
이리카페 석관동,2775
카페 라떼떼대치점 대치동,2776
세라젬웰카페 영등포점 영등포동4가,2777
투썸플레이스 까치산역점 화곡동,2778
카페395 남대문로5가,2779
도씨네커피 봉천동,2780
빽다방을지로입구역점 을지로입구역점 다동,2781
설빙 서울회기점 휘경동,2782
에이미스커피 양재역점 서초동,2783
위지안 노고산동,2784
이디야커피 선유도역점 양평동5가,2785
페이브베이커리 서울대점 신림동,2786
론카페 중계동,2787
바나나트리 성수동1가,2788
스타벅스 수유역점 번동,2789
카페 아에노원점 상계동,2790
카페아에 노원점 상계동,2791
쥬씨&차얌 이문동,2792
클레르연남 연남동,2793
구움정 천호동,2794
스타벅스 용산리첸시아점 원효로1가,2795
카페엘림 암사동,2796
백미당서송 타워점 사당동,2797
커피임당 여의도동,2798
이스케이퍼스 2호점 서교동,2799
공차 숙명여대점 청파동2가,2800
메가엠지씨커피강서 우림블루나인점 염창동,2801
가람커피로스터스 신원동,2802
토프레소 도곡렉슬점 도곡동,2803
더리터 신사점 신사동,2804
쥬씨 새절역점 신사동,2805
컴포즈커피 은평신사점 신사동,2806
공차 사가정역점 면목동,2807
루앙의부엉이 면목동,2808
베이크어데이 이문동,2809
엘마르조 회기동,2810
에스프레소진 목동,2811
콩볶는다락 등촌동,2812
성북동콩집 성북동,2813
NARINO 후암동,2814
즐거운찻집 관훈동,2815
커피매니아 동자동,2816
커피합니다 신당동,2817
루터커피 옥천동,2818
빽다방 보광점 보광동,2819
뽀르누서울 주성동,2820
더닝 한강로2가,2821
RSG 성수동2가,2822
드롭탑 가산동,2823
디저트39 신림역점 신림동,2824
빽다방 오류동역남부점 오류동,2825
요거트풀 서교동,2826
카나비 성수동1가,2827
카페 NSW 청량리동,2828
카페eliot 신림동,2829
헤비로테이트 도림동,2830
홍콩다방구로 지플러스타워점 구로동,2831
투썸플레이스 문정역점 문정동,2832
에스프레소0039 삼각동,2833
아이파베스 건대2호점 화양동,2834
타타스베이글 성수점 성수동2가,2835
카페 진정성논현점 잠원동,2836
테이크어샤워 석촌동,2837
비엔나커피하우스 건대스타시티점 자양동,2838
스타벅스 자양사거리점 자양동,2839
카페22 화양동,2840
샌드위치카페 하이나 방배동,2841
커스텀커피 방배점 방배동,2842
홍연커피 방배동,2843
메가커피신도림역점 신도림역점 신도림동,2844
스타벅스 까치산역점 화곡동,2845
집생로커피 구의동,2846
